F001/T1/2480.jpg,training
F001/T1/2518.jpg,training
F001/T1/2530.jpg,training
F001/T1/2617.jpg,training
F001/T1/2656.jpg,training
F001/T1/2720.jpg,training
F001/T1/2771.jpg,training
F001/T1/2774.jpg,training
F001/T1/2817.jpg,training
F001/T1/2907.jpg,training
F001/T1/2935.jpg,training
F001/T1/2966.jpg,training
F001/T1/2967.jpg,training
F001/T2/0733.jpg,training
F001/T2/0746.jpg,training
F001/T2/0768.jpg,training
F001/T2/0784.jpg,training
F001/T2/0833.jpg,training
F001/T2/0893.jpg,training
F001/T2/0902.jpg,training
F001/T2/0947.jpg,training
F001/T2/0957.jpg,training
F001/T2/1002.jpg,training
F001/T2/1031.jpg,training
F001/T2/1141.jpg,training
F001/T2/1206.jpg,training
F001/T2/1258.jpg,training
F001/T2/1266.jpg,training
F001/T2/1280.jpg,training
F001/T3/023.jpg,training
F001/T3/100.jpg,training
F001/T3/118.jpg,training
F001/T3/129.jpg,training
F001/T3/150.jpg,training
F001/T3/164.jpg,training
F001/T3/175.jpg,training
F001/T3/178.jpg,training
F001/T3/189.jpg,training
F001/T3/195.jpg,training
F001/T3/198.jpg,training
F001/T3/214.jpg,training
F001/T3/269.jpg,training
F001/T3/272.jpg,training
F001/T4/0691.jpg,training
F001/T4/0741.jpg,training
F001/T4/0742.jpg,training
F001/T4/0743.jpg,training
F001/T4/0837.jpg,training
F001/T4/0919.jpg,training
F001/T4/0991.jpg,training
F001/T4/0995.jpg,training
F001/T4/1002.jpg,training
F001/T4/1074.jpg,training
F001/T4/1135.jpg,training
F001/T4/1147.jpg,training
F001/T4/1153.jpg,training
F001/T4/1159.jpg,training
F001/T4/1163.jpg,training
F001/T5/0056.jpg,training
F001/T5/0068.jpg,training
F001/T5/0088.jpg,training
F001/T5/0095.jpg,training
F001/T5/0103.jpg,training
F001/T5/0136.jpg,training
F001/T5/0236.jpg,training
F001/T5/0240.jpg,training
F001/T5/0357.jpg,training
F001/T5/0374.jpg,training
F001/T5/0412.jpg,training
F001/T5/0489.jpg,training
F001/T6/033.jpg,training
F001/T6/080.jpg,training
F001/T6/092.jpg,training
F001/T6/135.jpg,training
F001/T6/159.jpg,training
F001/T6/186.jpg,training
F001/T6/190.jpg,training
F001/T6/201.jpg,training
F001/T6/238.jpg,training
F001/T6/311.jpg,training
F001/T6/325.jpg,training
F001/T6/335.jpg,training
F001/T6/381.jpg,training
F001/T6/460.jpg,training
F001/T6/462.jpg,training
F001/T6/487.jpg,training
F001/T7/0413.jpg,training
F001/T7/0471.jpg,training
F001/T7/0481.jpg,training
F001/T7/0572.jpg,training
F001/T7/0582.jpg,training
F001/T7/0583.jpg,training
F001/T7/0606.jpg,training
F001/T7/0653.jpg,training
F001/T7/0682.jpg,training
F001/T7/0704.jpg,training
F001/T7/0776.jpg,training
F001/T7/0827.jpg,training
F001/T8/404.jpg,training
F001/T8/415.jpg,training
F001/T8/445.jpg,training
F001/T8/486.jpg,training
F001/T8/519.jpg,training
F001/T8/546.jpg,training
F001/T8/585.jpg,training
F001/T8/597.jpg,training
F001/T8/639.jpg,training
F001/T8/730.jpg,training
F001/T8/830.jpg,training
F001/T8/847.jpg,training
F001/T8/852.jpg,training
F002/T1/0076.jpg,training
F002/T1/0118.jpg,training
F002/T1/0126.jpg,training
F002/T1/0181.jpg,training
F002/T1/0246.jpg,training
F002/T1/0329.jpg,training
F002/T1/0332.jpg,training
F002/T1/0346.jpg,training
F002/T1/0347.jpg,training
F002/T1/0378.jpg,training
F002/T1/0383.jpg,training
F002/T1/0417.jpg,training
F002/T1/0439.jpg,training
F002/T1/0446.jpg,training
F002/T1/0486.jpg,training
F002/T1/0507.jpg,training
F002/T2/0061.jpg,training
F002/T2/0074.jpg,training
F002/T2/0106.jpg,training
F002/T2/0202.jpg,training
F002/T2/0210.jpg,training
F002/T2/0241.jpg,training
F002/T2/0270.jpg,training
F002/T2/0299.jpg,training
F002/T2/0314.jpg,training
F002/T2/0343.jpg,training
F002/T2/0364.jpg,training
F002/T2/0379.jpg,training
F002/T2/0431.jpg,training
F002/T2/0475.jpg,training
F002/T2/0544.jpg,training
F002/T3/004.jpg,training
F002/T3/012.jpg,training
F002/T3/060.jpg,training
F002/T3/121.jpg,training
F002/T3/140.jpg,training
F002/T3/146.jpg,training
F002/T3/151.jpg,training
F002/T3/152.jpg,training
F002/T3/162.jpg,training
F002/T3/166.jpg,training
F002/T3/202.jpg,training
F002/T3/222.jpg,training
F002/T3/232.jpg,training
F002/T3/234.jpg,training
F002/T4/1498.jpg,training
F002/T4/1507.jpg,training
F002/T4/1562.jpg,training
F002/T4/1583.jpg,training
F002/T4/1594.jpg,training
F002/T4/1615.jpg,training
F002/T4/1728.jpg,training
F002/T4/1746.jpg,training
F002/T4/1882.jpg,training
F002/T4/1971.jpg,training
F002/T4/1976.jpg,training
F002/T4/1977.jpg,training
F002/T4/1979.jpg,training
F002/T5/0675.jpg,training
F002/T5/0686.jpg,training
F002/T5/0773.jpg,training
F002/T5/0791.jpg,training
F002/T5/0835.jpg,training
F002/T5/0868.jpg,training
F002/T5/0948.jpg,training
F002/T5/0978.jpg,training
F002/T5/0994.jpg,training
F002/T5/1077.jpg,training
F002/T5/1110.jpg,training
F002/T5/1116.jpg,training
F002/T5/1161.jpg,training
F002/T6/0010.jpg,training
F002/T6/0017.jpg,training
F002/T6/0062.jpg,training
F002/T6/0087.jpg,training
F002/T6/0108.jpg,training
F002/T6/0137.jpg,training
F002/T6/0145.jpg,training
F002/T6/0176.jpg,training
F002/T6/0237.jpg,training
F002/T6/0247.jpg,training
F002/T6/0334.jpg,training
F002/T6/0378.jpg,training
F002/T6/0398.jpg,training
F002/T6/0445.jpg,training
F002/T6/0517.jpg,training
F002/T6/0540.jpg,training
F002/T7/0690.jpg,training
F002/T7/0773.jpg,training
F002/T7/0819.jpg,training
F002/T7/0831.jpg,training
F002/T7/0881.jpg,training
F002/T7/0939.jpg,training
F002/T7/0944.jpg,training
F002/T7/1007.jpg,training
F002/T7/1033.jpg,training
F002/T7/1126.jpg,training
F002/T7/1158.jpg,training
F002/T7/1180.jpg,training
F002/T7/1212.jpg,training
F002/T8/0823.jpg,training
F002/T8/0839.jpg,training
F002/T8/0840.jpg,training
F002/T8/0851.jpg,training
F002/T8/0876.jpg,training
F002/T8/0879.jpg,training
F002/T8/0900.jpg,training
F002/T8/0909.jpg,training
F002/T8/1025.jpg,training
F002/T8/1033.jpg,training
F002/T8/1035.jpg,training
F002/T8/1047.jpg,training
F002/T8/1055.jpg,training
F002/T8/1094.jpg,training
F002/T8/1109.jpg,training
F003/T1/0724.jpg,training
F003/T1/0750.jpg,training
F003/T1/0788.jpg,training
F003/T1/0815.jpg,training
F003/T1/0821.jpg,training
F003/T1/0855.jpg,training
F003/T1/0884.jpg,training
F003/T1/1037.jpg,training
F003/T1/1086.jpg,training
F003/T1/1112.jpg,training
F003/T1/1167.jpg,training
F003/T1/1184.jpg,training
F003/T2/0922.jpg,training
F003/T2/0985.jpg,training
F003/T2/1033.jpg,training
F003/T2/1071.jpg,training
F003/T2/1129.jpg,training
F003/T2/1159.jpg,training
F003/T2/1278.jpg,training
F003/T2/1309.jpg,training
F003/T2/1314.jpg,training
F003/T2/1372.jpg,training
F003/T2/1374.jpg,training
F003/T2/1415.jpg,training
F003/T2/1464.jpg,training
F003/T2/1466.jpg,training
F003/T2/1467.jpg,training
F003/T3/010.jpg,training
F003/T3/036.jpg,training
F003/T3/087.jpg,training
F003/T3/098.jpg,training
F003/T3/139.jpg,training
F003/T3/141.jpg,training
F003/T3/161.jpg,training
F003/T3/162.jpg,training
F003/T3/196.jpg,training
F003/T3/200.jpg,training
F003/T3/229.jpg,training
F003/T3/241.jpg,training
F003/T3/261.jpg,training
F003/T3/269.jpg,training
F003/T4/0478.jpg,training
F003/T4/0596.jpg,training
F003/T4/0603.jpg,training
F003/T4/0610.jpg,training
F003/T4/0665.jpg,training
F003/T4/0681.jpg,training
F003/T4/0686.jpg,training
F003/T4/0729.jpg,training
F003/T4/0734.jpg,training
F003/T4/0847.jpg,training
F003/T4/0892.jpg,training
F003/T4/0939.jpg,training
F003/T4/0949.jpg,training
F003/T5/0546.jpg,training
F003/T5/0552.jpg,training
F003/T5/0597.jpg,training
F003/T5/0632.jpg,training
F003/T5/0645.jpg,training
F003/T5/0661.jpg,training
F003/T5/0719.jpg,training
F003/T5/0742.jpg,training
F003/T5/0755.jpg,training
F003/T5/0820.jpg,training
F003/T5/0827.jpg,training
F003/T5/0866.jpg,training
F003/T5/0891.jpg,training
F003/T5/1022.jpg,training
F003/T5/1052.jpg,training
F003/T5/1058.jpg,training
F003/T6/024.jpg,training
F003/T6/035.jpg,training
F003/T6/067.jpg,training
F003/T6/071.jpg,training
F003/T6/088.jpg,training
F003/T6/098.jpg,training
F003/T6/102.jpg,training
F003/T6/121.jpg,training
F003/T6/131.jpg,training
F003/T6/155.jpg,training
F003/T6/167.jpg,training
F003/T6/176.jpg,training
F003/T6/201.jpg,training
F003/T7/0016.jpg,training
F003/T7/0035.jpg,training
F003/T7/0156.jpg,training
F003/T7/0199.jpg,training
F003/T7/0228.jpg,training
F003/T7/0289.jpg,training
F003/T7/0300.jpg,training
F003/T7/0311.jpg,training
F003/T7/0336.jpg,training
F003/T7/0359.jpg,training
F003/T7/0444.jpg,training
F003/T7/0456.jpg,training
F003/T7/0483.jpg,training
F003/T7/0512.jpg,training
F003/T8/455.jpg,training
F003/T8/467.jpg,training
F003/T8/506.jpg,training
F003/T8/510.jpg,training
F003/T8/551.jpg,training
F003/T8/560.jpg,training
F003/T8/592.jpg,training
F003/T8/616.jpg,training
F003/T8/629.jpg,training
F003/T8/651.jpg,training
F003/T8/815.jpg,training
F003/T8/839.jpg,training
F003/T8/886.jpg,training
F004/T1/0901.jpg,training
F004/T1/0931.jpg,training
F004/T1/0935.jpg,training
F004/T1/0941.jpg,training
F004/T1/0952.jpg,training
F004/T1/0964.jpg,training
F004/T1/0981.jpg,training
F004/T1/0985.jpg,training
F004/T1/1035.jpg,training
F004/T1/1050.jpg,training
F004/T1/1062.jpg,training
F004/T1/1079.jpg,training
F004/T1/1145.jpg,training
F004/T1/1151.jpg,training
F004/T1/1189.jpg,training
F004/T2/1144.jpg,training
F004/T2/1203.jpg,training
F004/T2/1231.jpg,training
F004/T2/1311.jpg,training
F004/T2/1386.jpg,training
F004/T2/1392.jpg,training
F004/T2/1405.jpg,training
F004/T2/1414.jpg,training
F004/T2/1416.jpg,training
F004/T2/1465.jpg,training
F004/T2/1576.jpg,training
F004/T2/1586.jpg,training
F004/T3/010.jpg,training
F004/T3/024.jpg,training
F004/T3/038.jpg,training
F004/T3/046.jpg,training
F004/T3/066.jpg,training
F004/T3/087.jpg,training
F004/T3/109.jpg,training
F004/T3/119.jpg,training
F004/T3/139.jpg,training
F004/T3/177.jpg,training
F004/T3/182.jpg,training
F004/T3/215.jpg,training
F004/T3/245.jpg,training
F004/T3/246.jpg,training
F004/T3/252.jpg,training
F004/T3/258.jpg,training
F004/T3/276.jpg,training
F004/T4/1128.jpg,training
F004/T4/1138.jpg,training
F004/T4/1256.jpg,training
F004/T4/1272.jpg,training
F004/T4/1289.jpg,training
F004/T4/1309.jpg,training
F004/T4/1318.jpg,training
F004/T4/1326.jpg,training
F004/T4/1344.jpg,training
F004/T4/1385.jpg,training
F004/T4/1466.jpg,training
F004/T4/1530.jpg,training
F004/T4/1553.jpg,training
F004/T5/0521.jpg,training
F004/T5/0546.jpg,training
F004/T5/0590.jpg,training
F004/T5/0624.jpg,training
F004/T5/0826.jpg,training
F004/T5/0940.jpg,training
F004/T5/0978.jpg,training
F004/T5/0985.jpg,training
F004/T5/1017.jpg,training
F004/T5/1143.jpg,training
F004/T5/1174.jpg,training
F004/T5/1206.jpg,training
F004/T6/0023.jpg,training
F004/T6/0056.jpg,training
F004/T6/0072.jpg,training
F004/T6/0104.jpg,training
F004/T6/0117.jpg,training
F004/T6/0210.jpg,training
F004/T6/0229.jpg,training
F004/T6/0247.jpg,training
F004/T6/0323.jpg,training
F004/T6/0325.jpg,training
F004/T6/0332.jpg,training
F004/T6/0421.jpg,training
F004/T6/0455.jpg,training
F004/T6/0484.jpg,training
F004/T7/1425.jpg,training
F004/T7/1457.jpg,training
F004/T7/1561.jpg,training
F004/T7/1610.jpg,training
F004/T7/1651.jpg,training
F004/T7/1655.jpg,training
F004/T7/1706.jpg,training
F004/T7/1716.jpg,training
F004/T7/1729.jpg,training
F004/T7/1774.jpg,training
F004/T7/1791.jpg,training
F004/T7/1868.jpg,training
F004/T7/1925.jpg,training
F004/T8/017.jpg,training
F004/T8/051.jpg,training
F004/T8/057.jpg,training
F004/T8/073.jpg,training
F004/T8/079.jpg,training
F004/T8/131.jpg,training
F004/T8/154.jpg,training
F004/T8/195.jpg,training
F004/T8/262.jpg,training
F004/T8/265.jpg,training
F004/T8/279.jpg,training
F004/T8/311.jpg,training
F005/T1/0939.jpg,training
F005/T1/0953.jpg,training
F005/T1/0976.jpg,training
F005/T1/1001.jpg,training
F005/T1/1044.jpg,training
F005/T1/1046.jpg,training
F005/T1/1162.jpg,training
F005/T1/1181.jpg,training
F005/T1/1251.jpg,training
F005/T1/1278.jpg,training
F005/T1/1324.jpg,training
F005/T1/1344.jpg,training
F005/T1/1347.jpg,training
F005/T1/1356.jpg,training
F005/T2/1115.jpg,training
F005/T2/1136.jpg,training
F005/T2/1171.jpg,training
F005/T2/1248.jpg,training
F005/T2/1260.jpg,training
F005/T2/1306.jpg,training
F005/T2/1446.jpg,training
F005/T2/1462.jpg,training
F005/T2/1467.jpg,training
F005/T2/1523.jpg,training
F005/T2/1532.jpg,training
F005/T2/1536.jpg,training
F005/T2/1537.jpg,training
F005/T2/1581.jpg,training
F005/T2/1587.jpg,training
F005/T3/009.jpg,training
F005/T3/013.jpg,training
F005/T3/027.jpg,training
F005/T3/056.jpg,training
F005/T3/097.jpg,training
F005/T3/187.jpg,training
F005/T3/218.jpg,training
F005/T3/221.jpg,training
F005/T3/229.jpg,training
F005/T3/239.jpg,training
F005/T3/277.jpg,training
F005/T3/280.jpg,training
F005/T3/291.jpg,training
F005/T4/0661.jpg,training
F005/T4/0710.jpg,training
F005/T4/0777.jpg,training
F005/T4/0922.jpg,training
F005/T4/0932.jpg,training
F005/T4/0979.jpg,training
F005/T4/1014.jpg,training
F005/T4/1022.jpg,training
F005/T4/1031.jpg,training
F005/T4/1046.jpg,training
F005/T4/1076.jpg,training
F005/T4/1105.jpg,training
F005/T4/1106.jpg,training
F005/T5/0862.jpg,training
F005/T5/0880.jpg,training
F005/T5/0941.jpg,training
F005/T5/0943.jpg,training
F005/T5/0961.jpg,training
F005/T5/0988.jpg,training
F005/T5/0992.jpg,training
F005/T5/0999.jpg,training
F005/T5/1103.jpg,training
F005/T5/1169.jpg,training
F005/T5/1211.jpg,training
F005/T5/1221.jpg,training
F005/T5/1231.jpg,training
F005/T5/1267.jpg,training
F005/T6/398.jpg,training
F005/T6/430.jpg,training
F005/T6/459.jpg,training
F005/T6/471.jpg,training
F005/T6/484.jpg,training
F005/T6/497.jpg,training
F005/T6/522.jpg,training
F005/T6/562.jpg,training
F005/T6/566.jpg,training
F005/T6/584.jpg,training
F005/T6/641.jpg,training
F005/T6/763.jpg,training
F005/T6/770.jpg,training
F005/T6/833.jpg,training
F005/T7/0316.jpg,training
F005/T7/0323.jpg,training
F005/T7/0366.jpg,training
F005/T7/0385.jpg,training
F005/T7/0387.jpg,training
F005/T7/0389.jpg,training
F005/T7/0498.jpg,training
F005/T7/0500.jpg,training
F005/T7/0620.jpg,training
F005/T7/0689.jpg,training
F005/T7/0692.jpg,training
F005/T7/0695.jpg,training
F005/T8/126.jpg,training
F005/T8/184.jpg,training
F005/T8/202.jpg,training
F005/T8/203.jpg,training
F005/T8/205.jpg,training
F005/T8/221.jpg,training
F005/T8/229.jpg,training
F005/T8/299.jpg,training
F005/T8/355.jpg,training
F005/T8/365.jpg,training
F005/T8/485.jpg,training
F005/T8/505.jpg,training
F005/T8/508.jpg,training
F006/T1/423.jpg,training
F006/T1/474.jpg,training
F006/T1/481.jpg,training
F006/T1/488.jpg,training
F006/T1/492.jpg,training
F006/T1/531.jpg,training
F006/T1/621.jpg,training
F006/T1/641.jpg,training
F006/T1/680.jpg,training
F006/T1/696.jpg,training
F006/T1/700.jpg,training
F006/T1/726.jpg,training
F006/T1/836.jpg,training
F006/T2/1158.jpg,training
F006/T2/1160.jpg,training
F006/T2/1213.jpg,training
F006/T2/1229.jpg,training
F006/T2/1246.jpg,training
F006/T2/1280.jpg,training
F006/T2/1295.jpg,training
F006/T2/1308.jpg,training
F006/T2/1330.jpg,training
F006/T2/1372.jpg,training
F006/T2/1386.jpg,training
F006/T2/1568.jpg,training
F006/T2/1578.jpg,training
F006/T2/1587.jpg,training
F006/T3/012.jpg,training
F006/T3/018.jpg,training
F006/T3/044.jpg,training
F006/T3/097.jpg,training
F006/T3/100.jpg,training
F006/T3/157.jpg,training
F006/T3/199.jpg,training
F006/T3/242.jpg,training
F006/T3/294.jpg,training
F006/T3/296.jpg,training
F006/T3/304.jpg,training
F006/T3/311.jpg,training
F006/T4/0591.jpg,training
F006/T4/0606.jpg,training
F006/T4/0659.jpg,training
F006/T4/0683.jpg,training
F006/T4/0708.jpg,training
F006/T4/0752.jpg,training
F006/T4/0829.jpg,training
F006/T4/0840.jpg,training
F006/T4/0882.jpg,training
F006/T4/0886.jpg,training
F006/T4/0894.jpg,training
F006/T4/0904.jpg,training
F006/T4/0966.jpg,training
F006/T5/0555.jpg,training
F006/T5/0594.jpg,training
F006/T5/0618.jpg,training
F006/T5/0649.jpg,training
F006/T5/0663.jpg,training
F006/T5/0673.jpg,training
F006/T5/0692.jpg,training
F006/T5/0704.jpg,training
F006/T5/0767.jpg,training
F006/T5/0790.jpg,training
F006/T5/0819.jpg,training
F006/T5/0930.jpg,training
F006/T5/0962.jpg,training
F006/T6/198.jpg,training
F006/T6/299.jpg,training
F006/T6/306.jpg,training
F006/T6/372.jpg,training
F006/T6/405.jpg,training
F006/T6/451.jpg,training
F006/T6/469.jpg,training
F006/T6/497.jpg,training
F006/T6/553.jpg,training
F006/T6/565.jpg,training
F006/T6/634.jpg,training
F006/T6/637.jpg,training
F006/T7/0537.jpg,training
F006/T7/0548.jpg,training
F006/T7/0558.jpg,training
F006/T7/0583.jpg,training
F006/T7/0600.jpg,training
F006/T7/0612.jpg,training
F006/T7/0711.jpg,training
F006/T7/0716.jpg,training
F006/T7/0739.jpg,training
F006/T7/0749.jpg,training
F006/T8/001.jpg,training
F006/T8/037.jpg,training
F006/T8/042.jpg,training
F006/T8/069.jpg,training
F006/T8/081.jpg,training
F006/T8/099.jpg,training
F006/T8/113.jpg,training
F006/T8/116.jpg,training
F006/T8/181.jpg,training
F006/T8/197.jpg,training
F006/T8/211.jpg,training
F006/T8/226.jpg,training
F006/T8/231.jpg,training
F006/T8/233.jpg,training
F006/T8/264.jpg,training
F007/T1/0644.jpg,training
F007/T1/0646.jpg,training
F007/T1/0656.jpg,training
F007/T1/0668.jpg,training
F007/T1/0670.jpg,training
F007/T1/0778.jpg,training
F007/T1/0792.jpg,training
F007/T1/0862.jpg,training
F007/T1/0911.jpg,training
F007/T1/0922.jpg,training
F007/T1/0947.jpg,training
F007/T1/1066.jpg,training
F007/T1/1097.jpg,training
F007/T2/0006.jpg,training
F007/T2/0013.jpg,training
F007/T2/0029.jpg,training
F007/T2/0100.jpg,training
F007/T2/0116.jpg,training
F007/T2/0152.jpg,training
F007/T2/0271.jpg,training
F007/T2/0326.jpg,training
F007/T2/0384.jpg,training
F007/T2/0400.jpg,training
F007/T2/0421.jpg,training
F007/T2/0483.jpg,training
F007/T3/006.jpg,training
F007/T3/073.jpg,training
F007/T3/087.jpg,training
F007/T3/092.jpg,training
F007/T3/135.jpg,training
F007/T3/154.jpg,training
F007/T3/163.jpg,training
F007/T3/198.jpg,training
F007/T3/207.jpg,training
F007/T3/214.jpg,training
F007/T3/285.jpg,training
F007/T3/316.jpg,training
F007/T3/325.jpg,training
F007/T3/357.jpg,training
F007/T4/1129.jpg,training
F007/T4/1142.jpg,training
F007/T4/1148.jpg,training
F007/T4/1206.jpg,training
F007/T4/1218.jpg,training
F007/T4/1283.jpg,training
F007/T4/1327.jpg,training
F007/T4/1330.jpg,training
F007/T4/1379.jpg,training
F007/T4/1386.jpg,training
F007/T4/1411.jpg,training
F007/T4/1426.jpg,training
F007/T4/1434.jpg,training
F007/T4/1435.jpg,training
F007/T4/1487.jpg,training
F007/T5/0142.jpg,training
F007/T5/0156.jpg,training
F007/T5/0162.jpg,training
F007/T5/0177.jpg,training
F007/T5/0180.jpg,training
F007/T5/0336.jpg,training
F007/T5/0341.jpg,training
F007/T5/0345.jpg,training
F007/T5/0437.jpg,training
F007/T5/0502.jpg,training
F007/T5/0520.jpg,training
F007/T5/0522.jpg,training
F007/T5/0524.jpg,training
F007/T5/0530.jpg,training
F007/T6/007.jpg,training
F007/T6/097.jpg,training
F007/T6/100.jpg,training
F007/T6/108.jpg,training
F007/T6/110.jpg,training
F007/T6/168.jpg,training
F007/T6/184.jpg,training
F007/T6/192.jpg,training
F007/T6/283.jpg,training
F007/T6/284.jpg,training
F007/T6/299.jpg,training
F007/T6/410.jpg,training
F007/T6/418.jpg,training
F007/T6/493.jpg,training
F007/T7/0792.jpg,training
F007/T7/0838.jpg,training
F007/T7/0841.jpg,training
F007/T7/0857.jpg,training
F007/T7/0953.jpg,training
F007/T7/0971.jpg,training
F007/T7/1013.jpg,training
F007/T7/1018.jpg,training
F007/T7/1020.jpg,training
F007/T7/1031.jpg,training
F007/T7/1156.jpg,training
F007/T7/1184.jpg,training
F007/T7/1220.jpg,training
F007/T7/1237.jpg,training
F007/T7/1259.jpg,training
F007/T8/007.jpg,training
F007/T8/060.jpg,training
F007/T8/087.jpg,training
F007/T8/102.jpg,training
F007/T8/103.jpg,training
F007/T8/128.jpg,training
F007/T8/129.jpg,training
F007/T8/155.jpg,training
F007/T8/164.jpg,training
F007/T8/170.jpg,training
F007/T8/173.jpg,training
F007/T8/177.jpg,training
F007/T8/215.jpg,training
F007/T8/227.jpg,training
F008/T1/0382.jpg,training
F008/T1/0405.jpg,training
F008/T1/0418.jpg,training
F008/T1/0462.jpg,training
F008/T1/0464.jpg,training
F008/T1/0533.jpg,training
F008/T1/0539.jpg,training
F008/T1/0590.jpg,training
F008/T1/0591.jpg,training
F008/T1/0601.jpg,training
F008/T1/0625.jpg,training
F008/T1/0638.jpg,training
F008/T1/0734.jpg,training
F008/T1/0770.jpg,training
F008/T2/0893.jpg,training
F008/T2/0899.jpg,training
F008/T2/0969.jpg,training
F008/T2/0974.jpg,training
F008/T2/1015.jpg,training
F008/T2/1028.jpg,training
F008/T2/1050.jpg,training
F008/T2/1051.jpg,training
F008/T2/1120.jpg,training
F008/T2/1155.jpg,training
F008/T2/1157.jpg,training
F008/T2/1232.jpg,training
F008/T2/1234.jpg,training
F008/T2/1314.jpg,training
F008/T3/004.jpg,training
F008/T3/008.jpg,training
F008/T3/023.jpg,training
F008/T3/064.jpg,training
F008/T3/065.jpg,training
F008/T3/132.jpg,training
F008/T3/141.jpg,training
F008/T3/147.jpg,training
F008/T3/149.jpg,training
F008/T3/163.jpg,training
F008/T3/166.jpg,training
F008/T3/201.jpg,training
F008/T3/211.jpg,training
F008/T3/212.jpg,training
F008/T3/221.jpg,training
F008/T4/0441.jpg,training
F008/T4/0465.jpg,training
F008/T4/0511.jpg,training
F008/T4/0559.jpg,training
F008/T4/0608.jpg,training
F008/T4/0621.jpg,training
F008/T4/0679.jpg,training
F008/T4/0748.jpg,training
F008/T4/0772.jpg,training
F008/T4/0774.jpg,training
F008/T4/0781.jpg,training
F008/T4/0790.jpg,training
F008/T4/0857.jpg,training
F008/T4/0896.jpg,training
F008/T5/0390.jpg,training
F008/T5/0391.jpg,training
F008/T5/0408.jpg,training
F008/T5/0419.jpg,training
F008/T5/0444.jpg,training
F008/T5/0488.jpg,training
F008/T5/0489.jpg,training
F008/T5/0566.jpg,training
F008/T5/0599.jpg,training
F008/T5/0631.jpg,training
F008/T5/0687.jpg,training
F008/T5/0770.jpg,training
F008/T5/0804.jpg,training
F008/T5/0874.jpg,training
F008/T5/0875.jpg,training
F008/T6/192.jpg,training
F008/T6/253.jpg,training
F008/T6/284.jpg,training
F008/T6/288.jpg,training
F008/T6/302.jpg,training
F008/T6/314.jpg,training
F008/T6/331.jpg,training
F008/T6/428.jpg,training
F008/T6/429.jpg,training
F008/T6/438.jpg,training
F008/T6/441.jpg,training
F008/T6/617.jpg,training
F008/T7/1061.jpg,training
F008/T7/1108.jpg,training
F008/T7/1112.jpg,training
F008/T7/1137.jpg,training
F008/T7/1215.jpg,training
F008/T7/1234.jpg,training
F008/T7/1262.jpg,training
F008/T7/1266.jpg,training
F008/T7/1293.jpg,training
F008/T7/1306.jpg,training
F008/T7/1335.jpg,training
F008/T7/1419.jpg,training
F008/T7/1433.jpg,training
F008/T7/1474.jpg,training
F008/T8/111.jpg,training
F008/T8/145.jpg,training
F008/T8/171.jpg,training
F008/T8/250.jpg,training
F008/T8/271.jpg,training
F008/T8/277.jpg,training
F008/T8/378.jpg,training
F008/T8/380.jpg,training
F008/T8/441.jpg,training
F008/T8/444.jpg,training
F008/T8/464.jpg,training
F009/T1/0580.jpg,training
F009/T1/0593.jpg,training
F009/T1/0597.jpg,training
F009/T1/0628.jpg,training
F009/T1/0658.jpg,training
F009/T1/0687.jpg,training
F009/T1/0756.jpg,training
F009/T1/0759.jpg,training
F009/T1/0796.jpg,training
F009/T1/0836.jpg,training
F009/T1/0858.jpg,training
F009/T1/0892.jpg,training
F009/T1/0893.jpg,training
F009/T1/0911.jpg,training
F009/T1/0982.jpg,training
F009/T1/0986.jpg,training
F009/T2/0103.jpg,training
F009/T2/0124.jpg,training
F009/T2/0140.jpg,training
F009/T2/0162.jpg,training
F009/T2/0178.jpg,training
F009/T2/0181.jpg,training
F009/T2/0220.jpg,training
F009/T2/0229.jpg,training
F009/T2/0241.jpg,training
F009/T2/0317.jpg,training
F009/T2/0367.jpg,training
F009/T2/0415.jpg,training
F009/T2/0442.jpg,training
F009/T3/003.jpg,training
F009/T3/004.jpg,training
F009/T3/025.jpg,training
F009/T3/050.jpg,training
F009/T3/061.jpg,training
F009/T3/080.jpg,training
F009/T3/084.jpg,training
F009/T3/124.jpg,training
F009/T3/131.jpg,training
F009/T3/153.jpg,training
F009/T3/179.jpg,training
F009/T3/286.jpg,training
F009/T3/331.jpg,training
F009/T3/333.jpg,training
F009/T4/0157.jpg,training
F009/T4/0173.jpg,training
F009/T4/0182.jpg,training
F009/T4/0211.jpg,training
F009/T4/0272.jpg,training
F009/T4/0348.jpg,training
F009/T4/0407.jpg,training
F009/T4/0415.jpg,training
F009/T4/0417.jpg,training
F009/T4/0422.jpg,training
F009/T4/0449.jpg,training
F009/T4/0518.jpg,training
F009/T4/0543.jpg,training
F009/T4/0555.jpg,training
F009/T4/0582.jpg,training
F009/T4/0636.jpg,training
F009/T5/0342.jpg,training
F009/T5/0351.jpg,training
F009/T5/0380.jpg,training
F009/T5/0398.jpg,training
F009/T5/0404.jpg,training
F009/T5/0406.jpg,training
F009/T5/0430.jpg,training
F009/T5/0439.jpg,training
F009/T5/0477.jpg,training
F009/T5/0505.jpg,training
F009/T5/0555.jpg,training
F009/T5/0587.jpg,training
F009/T5/0603.jpg,training
F009/T6/0735.jpg,training
F009/T6/0741.jpg,training
F009/T6/0752.jpg,training
F009/T6/0755.jpg,training
F009/T6/0792.jpg,training
F009/T6/0806.jpg,training
F009/T6/0826.jpg,training
F009/T6/0911.jpg,training
F009/T6/0984.jpg,training
F009/T6/1052.jpg,training
F009/T6/1143.jpg,training
F009/T6/1144.jpg,training
F009/T6/1145.jpg,training
F009/T6/1160.jpg,training
F009/T7/1158.jpg,training
F009/T7/1236.jpg,training
F009/T7/1252.jpg,training
F009/T7/1282.jpg,training
F009/T7/1368.jpg,training
F009/T7/1450.jpg,training
F009/T7/1475.jpg,training
F009/T7/1487.jpg,training
F009/T7/1497.jpg,training
F009/T7/1498.jpg,training
F009/T7/1511.jpg,training
F009/T7/1517.jpg,training
F009/T8/007.jpg,training
F009/T8/009.jpg,training
F009/T8/033.jpg,training
F009/T8/045.jpg,training
F009/T8/050.jpg,training
F009/T8/057.jpg,training
F009/T8/067.jpg,training
F009/T8/070.jpg,training
F009/T8/090.jpg,training
F009/T8/098.jpg,training
F009/T8/105.jpg,training
F009/T8/119.jpg,training
F009/T8/123.jpg,training
F009/T8/125.jpg,training
F009/T8/130.jpg,training
F010/T1/0285.jpg,training
F010/T1/0336.jpg,training
F010/T1/0347.jpg,training
F010/T1/0363.jpg,training
F010/T1/0389.jpg,training
F010/T1/0396.jpg,training
F010/T1/0457.jpg,training
F010/T1/0513.jpg,training
F010/T1/0519.jpg,training
F010/T1/0537.jpg,training
F010/T1/0572.jpg,training
F010/T1/0681.jpg,training
F010/T1/0682.jpg,training
F010/T1/0684.jpg,training
F010/T2/1212.jpg,training
F010/T2/1221.jpg,training
F010/T2/1237.jpg,training
F010/T2/1304.jpg,training
F010/T2/1334.jpg,training
F010/T2/1407.jpg,training
F010/T2/1410.jpg,training
F010/T2/1419.jpg,training
F010/T2/1433.jpg,training
F010/T2/1437.jpg,training
F010/T2/1483.jpg,training
F010/T2/1505.jpg,training
F010/T2/1516.jpg,training
F010/T2/1517.jpg,training
F010/T2/1523.jpg,training
F010/T2/1545.jpg,training
F010/T3/036.jpg,training
F010/T3/056.jpg,training
F010/T3/097.jpg,training
F010/T3/110.jpg,training
F010/T3/174.jpg,training
F010/T3/204.jpg,training
F010/T3/210.jpg,training
F010/T3/230.jpg,training
F010/T3/237.jpg,training
F010/T3/261.jpg,training
F010/T3/279.jpg,training
F010/T4/0129.jpg,training
F010/T4/0147.jpg,training
F010/T4/0170.jpg,training
F010/T4/0259.jpg,training
F010/T4/0263.jpg,training
F010/T4/0273.jpg,training
F010/T4/0279.jpg,training
F010/T4/0310.jpg,training
F010/T4/0320.jpg,training
F010/T4/0328.jpg,training
F010/T4/0354.jpg,training
F010/T4/0380.jpg,training
F010/T4/0389.jpg,training
F010/T4/0413.jpg,training
F010/T4/0458.jpg,training
F010/T4/0560.jpg,training
F010/T4/0571.jpg,training
F010/T5/052.jpg,training
F010/T5/071.jpg,training
F010/T5/097.jpg,training
F010/T5/118.jpg,training
F010/T5/122.jpg,training
F010/T5/137.jpg,training
F010/T5/215.jpg,training
F010/T5/307.jpg,training
F010/T5/324.jpg,training
F010/T5/332.jpg,training
F010/T5/407.jpg,training
F010/T5/429.jpg,training
F010/T5/494.jpg,training
F010/T6/0110.jpg,training
F010/T6/0130.jpg,training
F010/T6/0206.jpg,training
F010/T6/0238.jpg,training
F010/T6/0241.jpg,training
F010/T6/0285.jpg,training
F010/T6/0316.jpg,training
F010/T6/0327.jpg,training
F010/T6/0343.jpg,training
F010/T6/0357.jpg,training
F010/T6/0368.jpg,training
F010/T6/0447.jpg,training
F010/T6/0538.jpg,training
F010/T6/0547.jpg,training
F010/T7/0124.jpg,training
F010/T7/0164.jpg,training
F010/T7/0171.jpg,training
F010/T7/0186.jpg,training
F010/T7/0312.jpg,training
F010/T7/0405.jpg,training
F010/T7/0407.jpg,training
F010/T7/0480.jpg,training
F010/T7/0496.jpg,training
F010/T7/0541.jpg,training
F010/T8/019.jpg,training
F010/T8/023.jpg,training
F010/T8/034.jpg,training
F010/T8/035.jpg,training
F010/T8/050.jpg,training
F010/T8/056.jpg,training
F010/T8/066.jpg,training
F010/T8/082.jpg,training
F010/T8/107.jpg,training
F010/T8/113.jpg,training
F010/T8/118.jpg,training
F010/T8/129.jpg,training
F010/T8/158.jpg,training
F010/T8/181.jpg,training
F011/T1/472.jpg,training
F011/T1/529.jpg,training
F011/T1/543.jpg,training
F011/T1/544.jpg,training
F011/T1/545.jpg,training
F011/T1/550.jpg,training
F011/T1/624.jpg,training
F011/T1/630.jpg,training
F011/T1/678.jpg,training
F011/T1/707.jpg,training
F011/T1/721.jpg,training
F011/T1/729.jpg,training
F011/T1/735.jpg,training
F011/T1/831.jpg,training
F011/T2/0813.jpg,training
F011/T2/0827.jpg,training
F011/T2/0833.jpg,training
F011/T2/0910.jpg,training
F011/T2/0931.jpg,training
F011/T2/0942.jpg,training
F011/T2/1052.jpg,training
F011/T2/1104.jpg,training
F011/T2/1138.jpg,training
F011/T2/1229.jpg,training
F011/T2/1267.jpg,training
F011/T2/1274.jpg,training
F011/T3/020.jpg,training
F011/T3/021.jpg,training
F011/T3/077.jpg,training
F011/T3/103.jpg,training
F011/T3/114.jpg,training
F011/T3/115.jpg,training
F011/T3/142.jpg,training
F011/T3/262.jpg,training
F011/T3/299.jpg,training
F011/T3/307.jpg,training
F011/T3/321.jpg,training
F011/T3/341.jpg,training
F011/T3/342.jpg,training
F011/T3/343.jpg,training
F011/T3/347.jpg,training
F011/T3/391.jpg,training
F011/T4/0026.jpg,training
F011/T4/0073.jpg,training
F011/T4/0077.jpg,training
F011/T4/0085.jpg,training
F011/T4/0091.jpg,training
F011/T4/0125.jpg,training
F011/T4/0163.jpg,training
F011/T4/0217.jpg,training
F011/T4/0286.jpg,training
F011/T4/0411.jpg,training
F011/T4/0429.jpg,training
F011/T4/0462.jpg,training
F011/T5/0908.jpg,training
F011/T5/0928.jpg,training
F011/T5/0931.jpg,training
F011/T5/0952.jpg,training
F011/T5/1013.jpg,training
F011/T5/1025.jpg,training
F011/T5/1088.jpg,training
F011/T5/1155.jpg,training
F011/T5/1183.jpg,training
F011/T5/1258.jpg,training
F011/T5/1361.jpg,training
F011/T5/1378.jpg,training
F011/T5/1380.jpg,training
F011/T6/0611.jpg,training
F011/T6/0613.jpg,training
F011/T6/0688.jpg,training
F011/T6/0708.jpg,training
F011/T6/0712.jpg,training
F011/T6/0746.jpg,training
F011/T6/0840.jpg,training
F011/T6/0873.jpg,training
F011/T6/0880.jpg,training
F011/T6/0951.jpg,training
F011/T6/0989.jpg,training
F011/T6/1018.jpg,training
F011/T6/1030.jpg,training
F011/T6/1069.jpg,training
F011/T6/1088.jpg,training
F011/T7/0825.jpg,training
F011/T7/0838.jpg,training
F011/T7/0849.jpg,training
F011/T7/0850.jpg,training
F011/T7/0894.jpg,training
F011/T7/0907.jpg,training
F011/T7/0943.jpg,training
F011/T7/1008.jpg,training
F011/T7/1013.jpg,training
F011/T7/1157.jpg,training
F011/T7/1219.jpg,training
F011/T7/1232.jpg,training
F011/T8/005.jpg,training
F011/T8/053.jpg,training
F011/T8/059.jpg,training
F011/T8/065.jpg,training
F011/T8/066.jpg,training
F011/T8/294.jpg,training
F011/T8/310.jpg,training
F011/T8/315.jpg,training
F011/T8/360.jpg,training
F011/T8/364.jpg,training
F011/T8/380.jpg,training
F011/T8/386.jpg,training
F011/T8/419.jpg,training
F012/T1/384.jpg,training
F012/T1/410.jpg,training
F012/T1/436.jpg,training
F012/T1/480.jpg,training
F012/T1/499.jpg,training
F012/T1/520.jpg,training
F012/T1/557.jpg,training
F012/T1/567.jpg,training
F012/T1/581.jpg,training
F012/T1/597.jpg,training
F012/T1/648.jpg,training
F012/T1/675.jpg,training
F012/T1/701.jpg,training
F012/T1/725.jpg,training
F012/T2/1122.jpg,training
F012/T2/1153.jpg,training
F012/T2/1156.jpg,training
F012/T2/1186.jpg,training
F012/T2/1284.jpg,training
F012/T2/1314.jpg,training
F012/T2/1342.jpg,training
F012/T2/1378.jpg,training
F012/T2/1423.jpg,training
F012/T2/1424.jpg,training
F012/T2/1445.jpg,training
F012/T2/1560.jpg,training
F012/T2/1596.jpg,training
F012/T3/004.jpg,training
F012/T3/064.jpg,training
F012/T3/069.jpg,training
F012/T3/101.jpg,training
F012/T3/124.jpg,training
F012/T3/125.jpg,training
F012/T3/145.jpg,training
F012/T3/149.jpg,training
F012/T3/170.jpg,training
F012/T3/171.jpg,training
F012/T3/177.jpg,training
F012/T3/221.jpg,training
F012/T3/290.jpg,training
F012/T3/314.jpg,training
F012/T3/336.jpg,training
F012/T3/353.jpg,training
F012/T3/354.jpg,training
F012/T4/0786.jpg,training
F012/T4/0814.jpg,training
F012/T4/0891.jpg,training
F012/T4/0898.jpg,training
F012/T4/0939.jpg,training
F012/T4/0940.jpg,training
F012/T4/0965.jpg,training
F012/T4/0989.jpg,training
F012/T4/1010.jpg,training
F012/T4/1021.jpg,training
F012/T4/1075.jpg,training
F012/T4/1145.jpg,training
F012/T4/1160.jpg,training
F012/T5/0117.jpg,training
F012/T5/0158.jpg,training
F012/T5/0207.jpg,training
F012/T5/0214.jpg,training
F012/T5/0217.jpg,training
F012/T5/0247.jpg,training
F012/T5/0264.jpg,training
F012/T5/0376.jpg,training
F012/T5/0464.jpg,training
F012/T5/0477.jpg,training
F012/T5/0481.jpg,training
F012/T5/0564.jpg,training
F012/T5/0571.jpg,training
F012/T6/0095.jpg,training
F012/T6/0131.jpg,training
F012/T6/0148.jpg,training
F012/T6/0168.jpg,training
F012/T6/0181.jpg,training
F012/T6/0229.jpg,training
F012/T6/0244.jpg,training
F012/T6/0275.jpg,training
F012/T6/0294.jpg,training
F012/T6/0406.jpg,training
F012/T6/0447.jpg,training
F012/T6/0450.jpg,training
F012/T6/0458.jpg,training
F012/T6/0495.jpg,training
F012/T7/1611.jpg,training
F012/T7/1625.jpg,training
F012/T7/1634.jpg,training
F012/T7/1681.jpg,training
F012/T7/1691.jpg,training
F012/T7/1718.jpg,training
F012/T7/1792.jpg,training
F012/T7/1811.jpg,training
F012/T7/1903.jpg,training
F012/T7/1908.jpg,training
F012/T7/1935.jpg,training
F012/T7/1996.jpg,training
F012/T7/2018.jpg,training
F012/T7/2036.jpg,training
F012/T7/2051.jpg,training
F012/T8/005.jpg,training
F012/T8/008.jpg,training
F012/T8/013.jpg,training
F012/T8/018.jpg,training
F012/T8/030.jpg,training
F012/T8/031.jpg,training
F012/T8/093.jpg,training
F012/T8/117.jpg,training
F012/T8/140.jpg,training
F012/T8/170.jpg,training
F012/T8/176.jpg,training
F012/T8/181.jpg,training
F012/T8/182.jpg,training
F012/T8/200.jpg,training
F012/T8/219.jpg,training
F013/T1/483.jpg,training
F013/T1/521.jpg,training
F013/T1/531.jpg,training
F013/T1/620.jpg,training
F013/T1/633.jpg,training
F013/T1/674.jpg,training
F013/T1/687.jpg,training
F013/T1/698.jpg,training
F013/T1/707.jpg,training
F013/T1/758.jpg,training
F013/T1/773.jpg,training
F013/T1/781.jpg,training
F013/T1/832.jpg,training
F013/T1/933.jpg,training
F013/T2/0062.jpg,training
F013/T2/0108.jpg,training
F013/T2/0167.jpg,training
F013/T2/0185.jpg,training
F013/T2/0222.jpg,training
F013/T2/0262.jpg,training
F013/T2/0293.jpg,training
F013/T2/0370.jpg,training
F013/T2/0393.jpg,training
F013/T2/0422.jpg,training
F013/T2/0436.jpg,training
F013/T2/0437.jpg,training
F013/T2/0472.jpg,training
F013/T3/014.jpg,training
F013/T3/062.jpg,training
F013/T3/064.jpg,training
F013/T3/076.jpg,training
F013/T3/081.jpg,training
F013/T3/112.jpg,training
F013/T3/116.jpg,training
F013/T3/129.jpg,training
F013/T3/151.jpg,training
F013/T3/176.jpg,training
F013/T3/203.jpg,training
F013/T3/297.jpg,training
F013/T3/321.jpg,training
F013/T3/332.jpg,training
F013/T4/0341.jpg,training
F013/T4/0452.jpg,training
F013/T4/0472.jpg,training
F013/T4/0506.jpg,training
F013/T4/0522.jpg,training
F013/T4/0534.jpg,training
F013/T4/0565.jpg,training
F013/T4/0622.jpg,training
F013/T4/0735.jpg,training
F013/T4/0769.jpg,training
F013/T4/0798.jpg,training
F013/T5/0102.jpg,training
F013/T5/0108.jpg,training
F013/T5/0127.jpg,training
F013/T5/0147.jpg,training
F013/T5/0149.jpg,training
F013/T5/0172.jpg,training
F013/T5/0184.jpg,training
F013/T5/0410.jpg,training
F013/T5/0432.jpg,training
F013/T6/1108.jpg,training
F013/T6/1213.jpg,training
F013/T6/1218.jpg,training
F013/T6/1232.jpg,training
F013/T6/1246.jpg,training
F013/T6/1247.jpg,training
F013/T6/1257.jpg,training
F013/T6/1264.jpg,training
F013/T6/1334.jpg,training
F013/T6/1368.jpg,training
F013/T6/1416.jpg,training
F013/T6/1455.jpg,training
F013/T6/1471.jpg,training
F013/T6/1541.jpg,training
F013/T7/0568.jpg,training
F013/T7/0583.jpg,training
F013/T7/0658.jpg,training
F013/T7/0748.jpg,training
F013/T7/0750.jpg,training
F013/T7/0754.jpg,training
F013/T7/0786.jpg,training
F013/T7/0830.jpg,training
F013/T7/0885.jpg,training
F013/T7/0887.jpg,training
F013/T7/0932.jpg,training
F013/T7/0996.jpg,training
F013/T7/1025.jpg,training
F013/T7/1032.jpg,training
F013/T8/008.jpg,training
F013/T8/018.jpg,training
F013/T8/021.jpg,training
F013/T8/040.jpg,training
F013/T8/048.jpg,training
F013/T8/073.jpg,training
F013/T8/094.jpg,training
F013/T8/096.jpg,training
F013/T8/113.jpg,training
F013/T8/117.jpg,training
F013/T8/135.jpg,training
F013/T8/142.jpg,training
F013/T8/143.jpg,training
F013/T8/144.jpg,training
F014/T1/0441.jpg,training
F014/T1/0456.jpg,training
F014/T1/0506.jpg,training
F014/T1/0541.jpg,training
F014/T1/0557.jpg,training
F014/T1/0559.jpg,training
F014/T1/0593.jpg,training
F014/T1/0627.jpg,training
F014/T1/0645.jpg,training
F014/T1/0652.jpg,training
F014/T1/0667.jpg,training
F014/T1/0718.jpg,training
F014/T1/0810.jpg,training
F014/T1/0821.jpg,training
F014/T1/0835.jpg,training
F014/T1/0901.jpg,training
F014/T1/0910.jpg,training
F014/T2/0674.jpg,training
F014/T2/0719.jpg,training
F014/T2/0733.jpg,training
F014/T2/0751.jpg,training
F014/T2/0754.jpg,training
F014/T2/0773.jpg,training
F014/T2/0784.jpg,training
F014/T2/0786.jpg,training
F014/T2/0859.jpg,training
F014/T2/0918.jpg,training
F014/T2/0926.jpg,training
F014/T2/0955.jpg,training
F014/T2/1016.jpg,training
F014/T2/1035.jpg,training
F014/T3/011.jpg,training
F014/T3/021.jpg,training
F014/T3/034.jpg,training
F014/T3/115.jpg,training
F014/T3/131.jpg,training
F014/T3/132.jpg,training
F014/T3/160.jpg,training
F014/T3/168.jpg,training
F014/T3/185.jpg,training
F014/T3/206.jpg,training
F014/T3/238.jpg,training
F014/T3/251.jpg,training
F014/T3/313.jpg,training
F014/T4/001.jpg,training
F014/T4/216.jpg,training
F014/T4/222.jpg,training
F014/T4/255.jpg,training
F014/T4/269.jpg,training
F014/T4/335.jpg,training
F014/T4/338.jpg,training
F014/T4/340.jpg,training
F014/T4/362.jpg,training
F014/T4/448.jpg,training
F014/T4/467.jpg,training
F014/T4/469.jpg,training
F014/T4/479.jpg,training
F014/T4/483.jpg,training
F014/T5/0591.jpg,training
F014/T5/0631.jpg,training
F014/T5/0655.jpg,training
F014/T5/0669.jpg,training
F014/T5/0707.jpg,training
F014/T5/0823.jpg,training
F014/T5/0886.jpg,training
F014/T5/0929.jpg,training
F014/T5/0943.jpg,training
F014/T5/0944.jpg,training
F014/T5/0951.jpg,training
F014/T5/0981.jpg,training
F014/T6/526.jpg,training
F014/T6/534.jpg,training
F014/T6/623.jpg,training
F014/T6/663.jpg,training
F014/T6/664.jpg,training
F014/T6/716.jpg,training
F014/T6/747.jpg,training
F014/T6/818.jpg,training
F014/T6/838.jpg,training
F014/T6/852.jpg,training
F014/T6/862.jpg,training
F014/T6/903.jpg,training
F014/T6/934.jpg,training
F014/T6/935.jpg,training
F014/T7/0633.jpg,training
F014/T7/0653.jpg,training
F014/T7/0683.jpg,training
F014/T7/0719.jpg,training
F014/T7/0748.jpg,training
F014/T7/0850.jpg,training
F014/T7/0851.jpg,training
F014/T7/0916.jpg,training
F014/T7/0919.jpg,training
F014/T7/0929.jpg,training
F014/T7/0968.jpg,training
F014/T7/0969.jpg,training
F014/T7/0997.jpg,training
F014/T7/1019.jpg,training
F014/T7/1040.jpg,training
F014/T7/1054.jpg,training
F014/T7/1103.jpg,training
F014/T8/003.jpg,training
F014/T8/026.jpg,training
F014/T8/048.jpg,training
F014/T8/057.jpg,training
F014/T8/058.jpg,training
F014/T8/070.jpg,training
F014/T8/106.jpg,training
F014/T8/125.jpg,training
F014/T8/143.jpg,training
F014/T8/154.jpg,training
F014/T8/199.jpg,training
F014/T8/215.jpg,training
F015/T1/0686.jpg,training
F015/T1/0731.jpg,training
F015/T1/0795.jpg,training
F015/T1/0796.jpg,training
F015/T1/0814.jpg,training
F015/T1/0913.jpg,training
F015/T1/0926.jpg,training
F015/T1/1017.jpg,training
F015/T1/1058.jpg,training
F015/T1/1060.jpg,training
F015/T1/1061.jpg,training
F015/T1/1074.jpg,training
F015/T1/1110.jpg,training
F015/T1/1133.jpg,training
F015/T2/1084.jpg,training
F015/T2/1141.jpg,training
F015/T2/1176.jpg,training
F015/T2/1216.jpg,training
F015/T2/1227.jpg,training
F015/T2/1283.jpg,training
F015/T2/1285.jpg,training
F015/T2/1353.jpg,training
F015/T2/1367.jpg,training
F015/T2/1410.jpg,training
F015/T2/1422.jpg,training
F015/T2/1439.jpg,training
F015/T2/1444.jpg,training
F015/T2/1447.jpg,training
F015/T2/1473.jpg,training
F015/T2/1502.jpg,training
F015/T2/1514.jpg,training
F015/T3/014.jpg,training
F015/T3/016.jpg,training
F015/T3/049.jpg,training
F015/T3/081.jpg,training
F015/T3/082.jpg,training
F015/T3/088.jpg,training
F015/T3/119.jpg,training
F015/T3/123.jpg,training
F015/T3/124.jpg,training
F015/T3/127.jpg,training
F015/T3/136.jpg,training
F015/T3/191.jpg,training
F015/T3/262.jpg,training
F015/T3/263.jpg,training
F015/T3/314.jpg,training
F015/T4/1777.jpg,training
F015/T4/1823.jpg,training
F015/T4/1827.jpg,training
F015/T4/1872.jpg,training
F015/T4/1920.jpg,training
F015/T4/1934.jpg,training
F015/T4/1951.jpg,training
F015/T4/1969.jpg,training
F015/T4/2030.jpg,training
F015/T4/2171.jpg,training
F015/T4/2254.jpg,training
F015/T5/0021.jpg,training
F015/T5/0026.jpg,training
F015/T5/0138.jpg,training
F015/T5/0227.jpg,training
F015/T5/0228.jpg,training
F015/T5/0230.jpg,training
F015/T5/0231.jpg,training
F015/T5/0356.jpg,training
F015/T5/0398.jpg,training
F015/T5/0411.jpg,training
F015/T5/0430.jpg,training
F015/T5/0453.jpg,training
F015/T5/0481.jpg,training
F015/T6/1033.jpg,training
F015/T6/1075.jpg,training
F015/T6/1132.jpg,training
F015/T6/1184.jpg,training
F015/T6/1193.jpg,training
F015/T6/1244.jpg,training
F015/T6/1269.jpg,training
F015/T6/1338.jpg,training
F015/T6/1426.jpg,training
F015/T6/1445.jpg,training
F015/T6/1469.jpg,training
F015/T7/1014.jpg,training
F015/T7/1073.jpg,training
F015/T7/1151.jpg,training
F015/T7/1164.jpg,training
F015/T7/1229.jpg,training
F015/T7/1247.jpg,training
F015/T7/1286.jpg,training
F015/T7/1323.jpg,training
F015/T7/1333.jpg,training
F015/T7/1411.jpg,training
F015/T7/1465.jpg,training
F015/T7/1466.jpg,training
F015/T7/1468.jpg,training
F015/T7/1476.jpg,training
F015/T8/010.jpg,training
F015/T8/012.jpg,training
F015/T8/017.jpg,training
F015/T8/065.jpg,training
F015/T8/072.jpg,training
F015/T8/076.jpg,training
F015/T8/099.jpg,training
F015/T8/108.jpg,training
F015/T8/128.jpg,training
F015/T8/131.jpg,training
F015/T8/151.jpg,training
F015/T8/159.jpg,training
F016/T1/083.jpg,training
F016/T1/090.jpg,training
F016/T1/163.jpg,training
F016/T1/185.jpg,training
F016/T1/188.jpg,training
F016/T1/206.jpg,training
F016/T1/244.jpg,training
F016/T1/245.jpg,training
F016/T1/252.jpg,training
F016/T1/306.jpg,training
F016/T1/429.jpg,training
F016/T1/431.jpg,training
F016/T1/457.jpg,training
F016/T1/461.jpg,training
F016/T2/0525.jpg,training
F016/T2/0552.jpg,training
F016/T2/0585.jpg,training
F016/T2/0631.jpg,training
F016/T2/0660.jpg,training
F016/T2/0696.jpg,training
F016/T2/0703.jpg,training
F016/T2/0819.jpg,training
F016/T2/0823.jpg,training
F016/T2/0907.jpg,training
F016/T2/0914.jpg,training
F016/T2/0943.jpg,training
F016/T2/0958.jpg,training
F016/T3/008.jpg,training
F016/T3/029.jpg,training
F016/T3/034.jpg,training
F016/T3/052.jpg,training
F016/T3/111.jpg,training
F016/T3/157.jpg,training
F016/T3/171.jpg,training
F016/T3/172.jpg,training
F016/T3/215.jpg,training
F016/T3/232.jpg,training
F016/T3/236.jpg,training
F016/T3/252.jpg,training
F016/T3/276.jpg,training
F016/T4/1003.jpg,training
F016/T4/1050.jpg,training
F016/T4/1087.jpg,training
F016/T4/1097.jpg,training
F016/T4/1113.jpg,training
F016/T4/1154.jpg,training
F016/T4/1158.jpg,training
F016/T4/1177.jpg,training
F016/T4/1230.jpg,training
F016/T4/1265.jpg,training
F016/T4/1279.jpg,training
F016/T4/1401.jpg,training
F016/T5/0459.jpg,training
F016/T5/0522.jpg,training
F016/T5/0575.jpg,training
F016/T5/0578.jpg,training
F016/T5/0616.jpg,training
F016/T5/0633.jpg,training
F016/T5/0649.jpg,training
F016/T5/0674.jpg,training
F016/T5/0677.jpg,training
F016/T5/0678.jpg,training
F016/T5/0701.jpg,training
F016/T5/0737.jpg,training
F016/T5/0816.jpg,training
F016/T5/0867.jpg,training
F016/T5/0868.jpg,training
F016/T6/0913.jpg,training
F016/T6/0967.jpg,training
F016/T6/1024.jpg,training
F016/T6/1087.jpg,training
F016/T6/1155.jpg,training
F016/T6/1193.jpg,training
F016/T6/1237.jpg,training
F016/T6/1241.jpg,training
F016/T6/1252.jpg,training
F016/T6/1269.jpg,training
F016/T6/1292.jpg,training
F016/T6/1302.jpg,training
F016/T6/1306.jpg,training
F016/T7/0038.jpg,training
F016/T7/0048.jpg,training
F016/T7/0057.jpg,training
F016/T7/0074.jpg,training
F016/T7/0205.jpg,training
F016/T7/0264.jpg,training
F016/T7/0284.jpg,training
F016/T7/0289.jpg,training
F016/T7/0290.jpg,training
F016/T7/0329.jpg,training
F016/T7/0350.jpg,training
F016/T7/0457.jpg,training
F016/T8/001.jpg,training
F016/T8/032.jpg,training
F016/T8/039.jpg,training
F016/T8/124.jpg,training
F016/T8/152.jpg,training
F016/T8/166.jpg,training
F016/T8/171.jpg,training
F016/T8/176.jpg,training
F016/T8/188.jpg,training
F016/T8/208.jpg,training
F016/T8/217.jpg,training
F016/T8/220.jpg,training
F016/T8/233.jpg,training
F016/T8/248.jpg,training
F016/T8/259.jpg,training
F017/T1/0264.jpg,training
F017/T1/0288.jpg,training
F017/T1/0366.jpg,training
F017/T1/0375.jpg,training
F017/T1/0396.jpg,training
F017/T1/0428.jpg,training
F017/T1/0430.jpg,training
F017/T1/0444.jpg,training
F017/T1/0457.jpg,training
F017/T1/0463.jpg,training
F017/T1/0466.jpg,training
F017/T1/0562.jpg,training
F017/T1/0626.jpg,training
F017/T1/0637.jpg,training
F017/T2/1112.jpg,training
F017/T2/1113.jpg,training
F017/T2/1267.jpg,training
F017/T2/1295.jpg,training
F017/T2/1322.jpg,training
F017/T2/1331.jpg,training
F017/T2/1473.jpg,training
F017/T2/1474.jpg,training
F017/T2/1510.jpg,training
F017/T2/1529.jpg,training
F017/T2/1537.jpg,training
F017/T2/1564.jpg,training
F017/T2/1587.jpg,training
F017/T3/006.jpg,training
F017/T3/017.jpg,training
F017/T3/052.jpg,training
F017/T3/090.jpg,training
F017/T3/137.jpg,training
F017/T3/138.jpg,training
F017/T3/212.jpg,training
F017/T3/302.jpg,training
F017/T3/303.jpg,training
F017/T3/322.jpg,training
F017/T3/344.jpg,training
F017/T3/352.jpg,training
F017/T3/393.jpg,training
F017/T3/403.jpg,training
F017/T4/0020.jpg,training
F017/T4/0167.jpg,training
F017/T4/0186.jpg,training
F017/T4/0199.jpg,training
F017/T4/0204.jpg,training
F017/T4/0217.jpg,training
F017/T4/0258.jpg,training
F017/T4/0307.jpg,training
F017/T4/0343.jpg,training
F017/T4/0364.jpg,training
F017/T4/0365.jpg,training
F017/T4/0371.jpg,training
F017/T4/0425.jpg,training
F017/T4/0439.jpg,training
F017/T4/0441.jpg,training
F017/T4/0486.jpg,training
F017/T5/0171.jpg,training
F017/T5/0172.jpg,training
F017/T5/0241.jpg,training
F017/T5/0277.jpg,training
F017/T5/0294.jpg,training
F017/T5/0317.jpg,training
F017/T5/0379.jpg,training
F017/T5/0436.jpg,training
F017/T5/0536.jpg,training
F017/T5/0538.jpg,training
F017/T5/0541.jpg,training
F017/T5/0560.jpg,training
F017/T5/0575.jpg,training
F017/T5/0587.jpg,training
F017/T6/0666.jpg,training
F017/T6/0836.jpg,training
F017/T6/1071.jpg,training
F017/T6/1085.jpg,training
F017/T6/1116.jpg,training
F017/T6/1148.jpg,training
F017/T6/1197.jpg,training
F017/T6/1235.jpg,training
F017/T6/1254.jpg,training
F017/T6/1257.jpg,training
F017/T6/1303.jpg,training
F017/T6/1317.jpg,training
F017/T6/1326.jpg,training
F017/T7/1043.jpg,training
F017/T7/1089.jpg,training
F017/T7/1182.jpg,training
F017/T7/1242.jpg,training
F017/T7/1247.jpg,training
F017/T7/1310.jpg,training
F017/T7/1354.jpg,training
F017/T7/1363.jpg,training
F017/T7/1373.jpg,training
F017/T7/1409.jpg,training
F017/T7/1448.jpg,training
F017/T8/003.jpg,training
F017/T8/073.jpg,training
F017/T8/084.jpg,training
F017/T8/094.jpg,training
F017/T8/123.jpg,training
F017/T8/124.jpg,training
F017/T8/135.jpg,training
F017/T8/166.jpg,training
F017/T8/170.jpg,training
F017/T8/171.jpg,training
F017/T8/172.jpg,training
F017/T8/173.jpg,training
F017/T8/198.jpg,training
F018/T1/0635.jpg,training
F018/T1/0647.jpg,training
F018/T1/0683.jpg,training
F018/T1/0736.jpg,training
F018/T1/0755.jpg,training
F018/T1/0831.jpg,training
F018/T1/0846.jpg,training
F018/T1/0865.jpg,training
F018/T1/0867.jpg,training
F018/T1/0928.jpg,training
F018/T1/0970.jpg,training
F018/T1/0996.jpg,training
F018/T1/1006.jpg,training
F018/T1/1013.jpg,training
F018/T2/0037.jpg,training
F018/T2/0044.jpg,training
F018/T2/0072.jpg,training
F018/T2/0077.jpg,training
F018/T2/0140.jpg,training
F018/T2/0157.jpg,training
F018/T2/0383.jpg,training
F018/T2/0402.jpg,training
F018/T2/0448.jpg,training
F018/T2/0451.jpg,training
F018/T3/011.jpg,training
F018/T3/020.jpg,training
F018/T3/072.jpg,training
F018/T3/081.jpg,training
F018/T3/145.jpg,training
F018/T3/163.jpg,training
F018/T3/170.jpg,training
F018/T3/206.jpg,training
F018/T3/230.jpg,training
F018/T3/257.jpg,training
F018/T3/266.jpg,training
F018/T4/0491.jpg,training
F018/T4/0514.jpg,training
F018/T4/0525.jpg,training
F018/T4/0609.jpg,training
F018/T4/0700.jpg,training
F018/T4/0732.jpg,training
F018/T4/0735.jpg,training
F018/T4/0742.jpg,training
F018/T4/0820.jpg,training
F018/T4/0848.jpg,training
F018/T4/0885.jpg,training
F018/T5/0319.jpg,training
F018/T5/0339.jpg,training
F018/T5/0362.jpg,training
F018/T5/0386.jpg,training
F018/T5/0391.jpg,training
F018/T5/0408.jpg,training
F018/T5/0435.jpg,training
F018/T5/0445.jpg,training
F018/T5/0449.jpg,training
F018/T5/0511.jpg,training
F018/T5/0671.jpg,training
F018/T5/0698.jpg,training
F018/T5/0713.jpg,training
F018/T5/0719.jpg,training
F018/T5/0727.jpg,training
F018/T5/0758.jpg,training
F018/T5/0798.jpg,training
F018/T6/0885.jpg,training
F018/T6/0911.jpg,training
F018/T6/0971.jpg,training
F018/T6/1000.jpg,training
F018/T6/1009.jpg,training
F018/T6/1040.jpg,training
F018/T6/1041.jpg,training
F018/T6/1121.jpg,training
F018/T6/1156.jpg,training
F018/T6/1189.jpg,training
F018/T6/1202.jpg,training
F018/T6/1261.jpg,training
F018/T6/1304.jpg,training
F018/T7/1410.jpg,training
F018/T7/1445.jpg,training
F018/T7/1565.jpg,training
F018/T7/1580.jpg,training
F018/T7/1707.jpg,training
F018/T7/1716.jpg,training
F018/T7/1733.jpg,training
F018/T7/1768.jpg,training
F018/T7/1791.jpg,training
F018/T7/1802.jpg,training
F018/T7/1820.jpg,training
F018/T7/1822.jpg,training
F018/T8/007.jpg,training
F018/T8/027.jpg,training
F018/T8/030.jpg,training
F018/T8/041.jpg,training
F018/T8/047.jpg,training
F018/T8/061.jpg,training
F018/T8/086.jpg,training
F018/T8/116.jpg,training
F018/T8/166.jpg,training
F018/T8/178.jpg,training
F018/T8/207.jpg,training
F018/T8/223.jpg,training
F018/T8/263.jpg,training
F019/T1/199.jpg,training
F019/T1/298.jpg,training
F019/T1/332.jpg,training
F019/T1/341.jpg,training
F019/T1/409.jpg,training
F019/T1/410.jpg,training
F019/T1/413.jpg,training
F019/T1/431.jpg,training
F019/T1/451.jpg,training
F019/T1/568.jpg,training
F019/T1/576.jpg,training
F019/T1/595.jpg,training
F019/T1/649.jpg,training
F019/T1/658.jpg,training
F019/T1/671.jpg,training
F019/T2/0562.jpg,training
F019/T2/0572.jpg,training
F019/T2/0631.jpg,training
F019/T2/0647.jpg,training
F019/T2/0683.jpg,training
F019/T2/0691.jpg,training
F019/T2/0708.jpg,training
F019/T2/0785.jpg,training
F019/T2/0816.jpg,training
F019/T2/0837.jpg,training
F019/T2/0895.jpg,training
F019/T2/0904.jpg,training
F019/T2/1009.jpg,training
F019/T3/071.jpg,training
F019/T3/075.jpg,training
F019/T3/096.jpg,training
F019/T3/097.jpg,training
F019/T3/110.jpg,training
F019/T3/128.jpg,training
F019/T3/136.jpg,training
F019/T3/184.jpg,training
F019/T3/190.jpg,training
F019/T3/216.jpg,training
F019/T3/221.jpg,training
F019/T3/231.jpg,training
F019/T3/237.jpg,training
F019/T3/261.jpg,training
F019/T4/0038.jpg,training
F019/T4/0043.jpg,training
F019/T4/0085.jpg,training
F019/T4/0131.jpg,training
F019/T4/0175.jpg,training
F019/T4/0177.jpg,training
F019/T4/0211.jpg,training
F019/T4/0275.jpg,training
F019/T4/0300.jpg,training
F019/T4/0432.jpg,training
F019/T4/0454.jpg,training
F019/T4/0468.jpg,training
F019/T4/0478.jpg,training
F019/T4/0491.jpg,training
F019/T5/0245.jpg,training
F019/T5/0267.jpg,training
F019/T5/0284.jpg,training
F019/T5/0335.jpg,training
F019/T5/0460.jpg,training
F019/T5/0476.jpg,training
F019/T5/0491.jpg,training
F019/T5/0493.jpg,training
F019/T5/0504.jpg,training
F019/T5/0526.jpg,training
F019/T5/0560.jpg,training
F019/T5/0604.jpg,training
F019/T5/0636.jpg,training
F019/T5/0691.jpg,training
F019/T6/067.jpg,training
F019/T6/069.jpg,training
F019/T6/091.jpg,training
F019/T6/135.jpg,training
F019/T6/213.jpg,training
F019/T6/246.jpg,training
F019/T6/273.jpg,training
F019/T6/296.jpg,training
F019/T6/302.jpg,training
F019/T6/310.jpg,training
F019/T6/334.jpg,training
F019/T6/359.jpg,training
F019/T6/436.jpg,training
F019/T6/475.jpg,training
F019/T6/491.jpg,training
F019/T7/0826.jpg,training
F019/T7/0895.jpg,training
F019/T7/0897.jpg,training
F019/T7/0900.jpg,training
F019/T7/0947.jpg,training
F019/T7/1008.jpg,training
F019/T7/1028.jpg,training
F019/T7/1066.jpg,training
F019/T7/1195.jpg,training
F019/T7/1197.jpg,training
F019/T7/1203.jpg,training
F019/T7/1239.jpg,training
F019/T7/1254.jpg,training
F019/T8/012.jpg,training
F019/T8/031.jpg,training
F019/T8/033.jpg,training
F019/T8/046.jpg,training
F019/T8/062.jpg,training
F019/T8/066.jpg,training
F019/T8/072.jpg,training
F019/T8/079.jpg,training
F019/T8/089.jpg,training
F019/T8/097.jpg,training
F019/T8/133.jpg,training
F019/T8/145.jpg,training
F019/T8/169.jpg,training
F019/T8/203.jpg,training
F019/T8/228.jpg,training
F020/T1/0871.jpg,training
F020/T1/0895.jpg,training
F020/T1/0931.jpg,training
F020/T1/0984.jpg,training
F020/T1/0985.jpg,training
F020/T1/1054.jpg,training
F020/T1/1110.jpg,training
F020/T1/1162.jpg,training
F020/T1/1178.jpg,training
F020/T1/1227.jpg,training
F020/T1/1254.jpg,training
F020/T2/1119.jpg,training
F020/T2/1174.jpg,training
F020/T2/1185.jpg,training
F020/T2/1216.jpg,training
F020/T2/1290.jpg,training
F020/T2/1341.jpg,training
F020/T2/1355.jpg,training
F020/T2/1490.jpg,training
F020/T2/1545.jpg,training
F020/T3/050.jpg,training
F020/T3/078.jpg,training
F020/T3/099.jpg,training
F020/T3/119.jpg,training
F020/T3/124.jpg,training
F020/T3/130.jpg,training
F020/T3/136.jpg,training
F020/T3/150.jpg,training
F020/T3/162.jpg,training
F020/T3/219.jpg,training
F020/T3/249.jpg,training
F020/T3/258.jpg,training
F020/T3/268.jpg,training
F020/T3/303.jpg,training
F020/T3/329.jpg,training
F020/T4/0016.jpg,training
F020/T4/0041.jpg,training
F020/T4/0170.jpg,training
F020/T4/0199.jpg,training
F020/T4/0202.jpg,training
F020/T4/0297.jpg,training
F020/T4/0381.jpg,training
F020/T4/0383.jpg,training
F020/T4/0450.jpg,training
F020/T4/0451.jpg,training
F020/T4/0469.jpg,training
F020/T5/0066.jpg,training
F020/T5/0228.jpg,training
F020/T5/0255.jpg,training
F020/T5/0288.jpg,training
F020/T5/0313.jpg,training
F020/T5/0340.jpg,training
F020/T5/0366.jpg,training
F020/T5/0377.jpg,training
F020/T5/0398.jpg,training
F020/T5/0437.jpg,training
F020/T5/0451.jpg,training
F020/T5/0486.jpg,training
F020/T5/0490.jpg,training
F020/T6/1031.jpg,training
F020/T6/1037.jpg,training
F020/T6/1041.jpg,training
F020/T6/1078.jpg,training
F020/T6/1114.jpg,training
F020/T6/1121.jpg,training
F020/T6/1131.jpg,training
F020/T6/1138.jpg,training
F020/T6/1169.jpg,training
F020/T6/1248.jpg,training
F020/T6/1321.jpg,training
F020/T6/1369.jpg,training
F020/T6/1379.jpg,training
F020/T6/1394.jpg,training
F020/T6/1444.jpg,training
F020/T7/0970.jpg,training
F020/T7/1000.jpg,training
F020/T7/1074.jpg,training
F020/T7/1091.jpg,training
F020/T7/1145.jpg,training
F020/T7/1213.jpg,training
F020/T7/1229.jpg,training
F020/T7/1240.jpg,training
F020/T7/1272.jpg,training
F020/T7/1294.jpg,training
F020/T7/1299.jpg,training
F020/T7/1306.jpg,training
F020/T7/1343.jpg,training
F020/T7/1347.jpg,training
F020/T7/1355.jpg,training
F020/T7/1371.jpg,training
F020/T8/001.jpg,training
F020/T8/019.jpg,training
F020/T8/057.jpg,training
F020/T8/083.jpg,training
F020/T8/096.jpg,training
F020/T8/101.jpg,training
F020/T8/104.jpg,training
F020/T8/110.jpg,training
F020/T8/138.jpg,training
F020/T8/165.jpg,training
F020/T8/183.jpg,training
F020/T8/190.jpg,training
F020/T8/199.jpg,training
F020/T8/212.jpg,training
F020/T8/249.jpg,training
F020/T8/271.jpg,training
F020/T8/293.jpg,training
F021/T1/081.jpg,training
F021/T1/104.jpg,training
F021/T1/125.jpg,training
F021/T1/140.jpg,training
F021/T1/149.jpg,training
F021/T1/170.jpg,training
F021/T1/171.jpg,training
F021/T1/190.jpg,training
F021/T1/202.jpg,training
F021/T1/256.jpg,training
F021/T1/282.jpg,training
F021/T1/312.jpg,training
F021/T1/469.jpg,training
F021/T1/478.jpg,training
F021/T2/1025.jpg,training
F021/T2/1048.jpg,training
F021/T2/1052.jpg,training
F021/T2/1087.jpg,training
F021/T2/1101.jpg,training
F021/T2/1109.jpg,training
F021/T2/1125.jpg,training
F021/T2/1126.jpg,training
F021/T2/1131.jpg,training
F021/T2/1145.jpg,training
F021/T2/1210.jpg,training
F021/T2/1220.jpg,training
F021/T2/1318.jpg,training
F021/T2/1438.jpg,training
F021/T2/1466.jpg,training
F021/T2/1495.jpg,training
F021/T3/006.jpg,training
F021/T3/014.jpg,training
F021/T3/036.jpg,training
F021/T3/039.jpg,training
F021/T3/049.jpg,training
F021/T3/075.jpg,training
F021/T3/090.jpg,training
F021/T3/106.jpg,training
F021/T3/118.jpg,training
F021/T3/123.jpg,training
F021/T3/141.jpg,training
F021/T3/180.jpg,training
F021/T3/185.jpg,training
F021/T3/217.jpg,training
F021/T4/0221.jpg,training
F021/T4/0254.jpg,training
F021/T4/0269.jpg,training
F021/T4/0418.jpg,training
F021/T4/0466.jpg,training
F021/T4/0524.jpg,training
F021/T4/0555.jpg,training
F021/T4/0585.jpg,training
F021/T4/0596.jpg,training
F021/T4/0633.jpg,training
F021/T4/0644.jpg,training
F021/T5/442.jpg,training
F021/T5/464.jpg,training
F021/T5/585.jpg,training
F021/T5/598.jpg,training
F021/T5/674.jpg,training
F021/T5/685.jpg,training
F021/T5/695.jpg,training
F021/T5/719.jpg,training
F021/T5/728.jpg,training
F021/T5/778.jpg,training
F021/T5/812.jpg,training
F021/T5/900.jpg,training
F021/T6/021.jpg,training
F021/T6/029.jpg,training
F021/T6/125.jpg,training
F021/T6/144.jpg,training
F021/T6/145.jpg,training
F021/T6/154.jpg,training
F021/T6/218.jpg,training
F021/T6/245.jpg,training
F021/T6/249.jpg,training
F021/T6/255.jpg,training
F021/T6/262.jpg,training
F021/T6/286.jpg,training
F021/T6/287.jpg,training
F021/T7/1140.jpg,training
F021/T7/1145.jpg,training
F021/T7/1178.jpg,training
F021/T7/1200.jpg,training
F021/T7/1215.jpg,training
F021/T7/1219.jpg,training
F021/T7/1288.jpg,training
F021/T7/1305.jpg,training
F021/T7/1306.jpg,training
F021/T7/1372.jpg,training
F021/T7/1474.jpg,training
F021/T7/1503.jpg,training
F021/T7/1527.jpg,training
F021/T7/1533.jpg,training
F021/T7/1558.jpg,training
F021/T8/022.jpg,training
F021/T8/024.jpg,training
F021/T8/055.jpg,training
F021/T8/082.jpg,training
F021/T8/130.jpg,training
F021/T8/135.jpg,training
F021/T8/181.jpg,training
F021/T8/185.jpg,training
F021/T8/220.jpg,training
F021/T8/291.jpg,training
F021/T8/304.jpg,training
F021/T8/307.jpg,training
F021/T8/332.jpg,training
F021/T8/359.jpg,training
F021/T8/375.jpg,training
F022/T1/1191.jpg,training
F022/T1/1202.jpg,training
F022/T1/1268.jpg,training
F022/T1/1271.jpg,training
F022/T1/1286.jpg,training
F022/T1/1348.jpg,training
F022/T1/1381.jpg,training
F022/T1/1386.jpg,training
F022/T1/1437.jpg,training
F022/T1/1471.jpg,training
F022/T1/1475.jpg,training
F022/T1/1496.jpg,training
F022/T1/1520.jpg,training
F022/T1/1585.jpg,training
F022/T1/1620.jpg,training
F022/T2/0372.jpg,training
F022/T2/0389.jpg,training
F022/T2/0425.jpg,training
F022/T2/0434.jpg,training
F022/T2/0447.jpg,training
F022/T2/0513.jpg,training
F022/T2/0523.jpg,training
F022/T2/0554.jpg,training
F022/T2/0693.jpg,training
F022/T2/0732.jpg,training
F022/T2/0764.jpg,training
F022/T3/007.jpg,training
F022/T3/035.jpg,training
F022/T3/048.jpg,training
F022/T3/091.jpg,training
F022/T3/133.jpg,training
F022/T3/153.jpg,training
F022/T3/159.jpg,training
F022/T3/229.jpg,training
F022/T3/254.jpg,training
F022/T3/259.jpg,training
F022/T3/275.jpg,training
F022/T3/314.jpg,training
F022/T4/0694.jpg,training
F022/T4/0772.jpg,training
F022/T4/0808.jpg,training
F022/T4/0814.jpg,training
F022/T4/0885.jpg,training
F022/T4/0890.jpg,training
F022/T4/0940.jpg,training
F022/T4/0948.jpg,training
F022/T4/0970.jpg,training
F022/T4/0986.jpg,training
F022/T4/1024.jpg,training
F022/T4/1052.jpg,training
F022/T4/1141.jpg,training
F022/T5/0322.jpg,training
F022/T5/0360.jpg,training
F022/T5/0469.jpg,training
F022/T5/0498.jpg,training
F022/T5/0499.jpg,training
F022/T5/0532.jpg,training
F022/T5/0554.jpg,training
F022/T5/0577.jpg,training
F022/T5/0585.jpg,training
F022/T5/0586.jpg,training
F022/T5/0666.jpg,training
F022/T5/0691.jpg,training
F022/T5/0724.jpg,training
F022/T6/038.jpg,training
F022/T6/067.jpg,training
F022/T6/068.jpg,training
F022/T6/076.jpg,training
F022/T6/077.jpg,training
F022/T6/106.jpg,training
F022/T6/133.jpg,training
F022/T6/165.jpg,training
F022/T6/182.jpg,training
F022/T6/231.jpg,training
F022/T6/234.jpg,training
F022/T6/256.jpg,training
F022/T6/287.jpg,training
F022/T6/320.jpg,training
F022/T7/0481.jpg,training
F022/T7/0487.jpg,training
F022/T7/0521.jpg,training
F022/T7/0568.jpg,training
F022/T7/0656.jpg,training
F022/T7/0657.jpg,training
F022/T7/0669.jpg,training
F022/T7/0723.jpg,training
F022/T7/0752.jpg,training
F022/T7/0777.jpg,training
F022/T7/0792.jpg,training
F022/T7/0834.jpg,training
F022/T7/0929.jpg,training
F022/T7/0942.jpg,training
F022/T7/0947.jpg,training
F022/T8/009.jpg,training
F022/T8/026.jpg,training
F022/T8/040.jpg,training
F022/T8/174.jpg,training
F022/T8/190.jpg,training
F022/T8/191.jpg,training
F022/T8/207.jpg,training
F022/T8/229.jpg,training
F022/T8/236.jpg,training
F022/T8/238.jpg,training
F022/T8/297.jpg,training
F022/T8/370.jpg,training
F022/T8/392.jpg,training
F023/T1/098.jpg,training
F023/T1/141.jpg,training
F023/T1/158.jpg,training
F023/T1/208.jpg,training
F023/T1/215.jpg,training
F023/T1/309.jpg,training
F023/T1/419.jpg,training
F023/T1/458.jpg,training
F001/T1/2557.jpg,test
F001/T1/2625.jpg,test
F001/T1/2813.jpg,test
F001/T1/2834.jpg,test
F001/T2/0931.jpg,test
F001/T3/095.jpg,test
F001/T3/101.jpg,test
F001/T3/138.jpg,test
F001/T4/0832.jpg,test
F001/T4/1067.jpg,test
F001/T5/0076.jpg,test
F001/T5/0125.jpg,test
F001/T5/0239.jpg,test
F001/T5/0283.jpg,test
F001/T5/0353.jpg,test
F001/T6/449.jpg,test
F001/T7/0406.jpg,test
F001/T7/0475.jpg,test
F001/T7/0523.jpg,test
F001/T7/0648.jpg,test
F001/T7/0789.jpg,test
F001/T8/583.jpg,test
F001/T8/688.jpg,test
F001/T8/716.jpg,test
F001/T8/739.jpg,test
F002/T1/0304.jpg,test
F002/T2/0384.jpg,test
F002/T2/0410.jpg,test
F002/T3/167.jpg,test
F002/T3/214.jpg,test
F002/T3/220.jpg,test
F002/T4/1553.jpg,test
F002/T4/1554.jpg,test
F002/T4/1582.jpg,test
F002/T4/1755.jpg,test
F002/T5/0724.jpg,test
F002/T5/0873.jpg,test
F002/T5/1017.jpg,test
F002/T5/1164.jpg,test
F002/T6/0076.jpg,test
F002/T7/0798.jpg,test
F002/T7/0854.jpg,test
F002/T7/1034.jpg,test
F002/T7/1087.jpg,test
F002/T8/0978.jpg,test
F002/T8/0984.jpg,test
F003/T1/0924.jpg,test
F003/T1/0939.jpg,test
F003/T1/0941.jpg,test
F003/T1/1199.jpg,test
F003/T1/1203.jpg,test
F003/T2/0962.jpg,test
F003/T2/1216.jpg,test
F003/T3/113.jpg,test
F003/T3/120.jpg,test
F003/T3/175.jpg,test
F003/T4/0637.jpg,test
F003/T4/0901.jpg,test
F003/T4/0923.jpg,test
F003/T4/0940.jpg,test
F003/T5/0837.jpg,test
F003/T6/058.jpg,test
F003/T6/061.jpg,test
F003/T6/171.jpg,test
F003/T6/197.jpg,test
F003/T7/0102.jpg,test
F003/T7/0270.jpg,test
F003/T7/0454.jpg,test
F003/T8/415.jpg,test
F003/T8/677.jpg,test
F003/T8/718.jpg,test
F003/T8/818.jpg,test
F004/T1/0982.jpg,test
F004/T1/1015.jpg,test
F004/T2/1094.jpg,test
F004/T2/1185.jpg,test
F004/T2/1381.jpg,test
F004/T2/1449.jpg,test
F004/T2/1455.jpg,test
F004/T4/1270.jpg,test
F004/T4/1450.jpg,test
F004/T4/1493.jpg,test
F004/T4/1558.jpg,test
F004/T5/0681.jpg,test
F004/T5/0686.jpg,test
F004/T5/0724.jpg,test
F004/T5/1123.jpg,test
F004/T5/1262.jpg,test
F004/T6/0039.jpg,test
F004/T6/0162.jpg,test
F004/T6/0171.jpg,test
F004/T7/1484.jpg,test
F004/T7/1596.jpg,test
F004/T7/1642.jpg,test
F004/T7/1842.jpg,test
F004/T8/103.jpg,test
F004/T8/141.jpg,test
F004/T8/269.jpg,test
F004/T8/288.jpg,test
F004/T8/349.jpg,test
F005/T1/0938.jpg,test
F005/T1/0946.jpg,test
F005/T1/1373.jpg,test
F005/T2/1181.jpg,test
F005/T2/1512.jpg,test
F005/T3/045.jpg,test
F005/T3/104.jpg,test
F005/T3/228.jpg,test
F005/T3/234.jpg,test
F005/T4/0686.jpg,test
F005/T4/0742.jpg,test
F005/T4/0814.jpg,test
F005/T4/0851.jpg,test
F005/T5/0906.jpg,test
F005/T5/1060.jpg,test
F005/T5/1279.jpg,test
F005/T6/384.jpg,test
F005/T6/703.jpg,test
F005/T6/755.jpg,test
F005/T7/0279.jpg,test
F005/T7/0529.jpg,test
F005/T7/0606.jpg,test
F005/T7/0678.jpg,test
F005/T7/0700.jpg,test
F005/T8/147.jpg,test
F005/T8/231.jpg,test
F005/T8/475.jpg,test
F005/T8/494.jpg,test
F006/T1/461.jpg,test
F006/T1/586.jpg,test
F006/T1/702.jpg,test
F006/T1/731.jpg,test
F006/T2/1120.jpg,test
F006/T2/1146.jpg,test
F006/T2/1273.jpg,test
F006/T3/052.jpg,test
F006/T3/088.jpg,test
F006/T3/168.jpg,test
F006/T3/281.jpg,test
F006/T3/300.jpg,test
F006/T4/0737.jpg,test
F006/T4/0832.jpg,test
F006/T4/0865.jpg,test
F006/T4/0953.jpg,test
F006/T5/0489.jpg,test
F006/T5/0613.jpg,test
F006/T5/0783.jpg,test
F006/T5/0963.jpg,test
F006/T6/207.jpg,test
F006/T6/209.jpg,test
F006/T6/290.jpg,test
F006/T6/414.jpg,test
F006/T6/464.jpg,test
F006/T7/0590.jpg,test
F006/T7/0626.jpg,test
F006/T7/0685.jpg,test
F006/T7/0704.jpg,test
F006/T7/0795.jpg,test
F006/T7/0799.jpg,test
F006/T7/0875.jpg,test
F006/T8/061.jpg,test
F006/T8/072.jpg,test
F007/T1/0830.jpg,test
F007/T1/0895.jpg,test
F007/T1/0943.jpg,test
F007/T1/0999.jpg,test
F007/T2/0042.jpg,test
F007/T2/0082.jpg,test
F007/T2/0299.jpg,test
F007/T2/0467.jpg,test
F007/T2/0476.jpg,test
F007/T3/104.jpg,test
F007/T3/281.jpg,test
F007/T3/286.jpg,test
F007/T4/1407.jpg,test
F007/T4/1546.jpg,test
F007/T5/0115.jpg,test
F007/T5/0183.jpg,test
F007/T5/0320.jpg,test
F007/T6/040.jpg,test
F007/T6/053.jpg,test
F007/T6/241.jpg,test
F007/T7/0874.jpg,test
F007/T7/1212.jpg,test
F007/T8/044.jpg,test
F007/T8/046.jpg,test
F007/T8/209.jpg,test
F008/T1/0512.jpg,test
F008/T1/0519.jpg,test
F008/T1/0684.jpg,test
F008/T2/0993.jpg,test
F008/T2/1074.jpg,test
F008/T2/1086.jpg,test
F008/T3/117.jpg,test
F008/T3/246.jpg,test
F008/T4/0463.jpg,test
F008/T4/0584.jpg,test
F008/T4/0854.jpg,test
F008/T5/0613.jpg,test
F008/T5/0656.jpg,test
F008/T6/325.jpg,test
F008/T6/414.jpg,test
F008/T6/469.jpg,test
F008/T6/542.jpg,test
F008/T6/582.jpg,test
F008/T7/1268.jpg,test
F008/T7/1373.jpg,test
F008/T7/1399.jpg,test
F008/T8/064.jpg,test
F008/T8/068.jpg,test
F008/T8/128.jpg,test
F008/T8/148.jpg,test
F008/T8/364.jpg,test
F008/T8/421.jpg,test
F009/T1/0899.jpg,test
F009/T2/0180.jpg,test
F009/T2/0348.jpg,test
F009/T2/0447.jpg,test
F009/T2/0462.jpg,test
F009/T3/224.jpg,test
F009/T3/263.jpg,test
F009/T3/334.jpg,test
F009/T4/0545.jpg,test
F009/T5/0327.jpg,test
F009/T5/0432.jpg,test
F009/T5/0441.jpg,test
F009/T5/0522.jpg,test
F009/T6/0874.jpg,test
F009/T6/0892.jpg,test
F009/T6/1043.jpg,test
F009/T7/1330.jpg,test
F009/T7/1468.jpg,test
F009/T7/1469.jpg,test
F009/T7/1492.jpg,test
F009/T7/1520.jpg,test
F009/T8/010.jpg,test
F009/T8/079.jpg,test
F010/T1/0364.jpg,test
F010/T1/0549.jpg,test
F010/T1/0638.jpg,test
F010/T2/1400.jpg,test
F010/T3/047.jpg,test
F010/T3/125.jpg,test
F010/T3/155.jpg,test
F010/T3/197.jpg,test
F010/T3/205.jpg,test
F010/T3/309.jpg,test
F010/T5/062.jpg,test
F010/T5/438.jpg,test
F010/T5/442.jpg,test
F010/T5/480.jpg,test
F010/T6/0229.jpg,test
F010/T6/0255.jpg,test
F010/T6/0508.jpg,test
F010/T7/0178.jpg,test
F010/T7/0204.jpg,test
F010/T7/0275.jpg,test
F010/T7/0348.jpg,test
F010/T7/0387.jpg,test
F010/T7/0529.jpg,test
F010/T7/0551.jpg,test
F010/T8/011.jpg,test
F010/T8/032.jpg,test
F010/T8/152.jpg,test
F011/T1/418.jpg,test
F011/T1/548.jpg,test
F011/T1/559.jpg,test
F011/T2/0838.jpg,test
F011/T2/0883.jpg,test
F011/T2/1139.jpg,test
F011/T2/1180.jpg,test
F011/T2/1201.jpg,test
F011/T3/289.jpg,test
F011/T4/0263.jpg,test
F011/T4/0267.jpg,test
F011/T4/0271.jpg,test
F011/T4/0392.jpg,test
F011/T4/0471.jpg,test
F011/T5/0901.jpg,test
F011/T5/0939.jpg,test
F011/T5/1292.jpg,test
F011/T5/1343.jpg,test
F011/T6/0775.jpg,test
F011/T6/0816.jpg,test
F011/T7/0820.jpg,test
F011/T7/0951.jpg,test
F011/T7/0998.jpg,test
F011/T7/1216.jpg,test
F011/T7/1259.jpg,test
F011/T8/050.jpg,test
F011/T8/119.jpg,test
F011/T8/171.jpg,test
F011/T8/238.jpg,test
F012/T1/430.jpg,test
F012/T1/615.jpg,test
F012/T1/733.jpg,test
F012/T2/1258.jpg,test
F012/T2/1362.jpg,test
F012/T2/1399.jpg,test
F012/T2/1546.jpg,test
F012/T4/0902.jpg,test
F012/T4/0977.jpg,test
F012/T4/1003.jpg,test
F012/T4/1004.jpg,test
F012/T5/0229.jpg,test
F012/T5/0331.jpg,test
F012/T5/0459.jpg,test
F012/T5/0473.jpg,test
F012/T6/0119.jpg,test
F012/T6/0227.jpg,test
F012/T6/0237.jpg,test
F012/T7/1737.jpg,test
F012/T7/1866.jpg,test
F012/T8/131.jpg,test
F012/T8/153.jpg,test
F013/T1/610.jpg,test
F013/T1/718.jpg,test
F013/T1/775.jpg,test
F013/T2/0031.jpg,test
F013/T2/0097.jpg,test
F013/T2/0112.jpg,test
F013/T2/0387.jpg,test
F013/T3/092.jpg,test
F013/T3/187.jpg,test
F013/T3/343.jpg,test
F013/T4/0404.jpg,test
F013/T4/0463.jpg,test
F013/T4/0529.jpg,test
F013/T4/0538.jpg,test
F013/T4/0586.jpg,test
F013/T4/0697.jpg,test
F013/T5/0004.jpg,test
F013/T5/0012.jpg,test
F013/T5/0051.jpg,test
F013/T5/0161.jpg,test
F013/T5/0193.jpg,test
F013/T5/0195.jpg,test
F013/T5/0240.jpg,test
F013/T5/0326.jpg,test
F013/T6/1090.jpg,test
F013/T6/1474.jpg,test
F013/T6/1503.jpg,test
F013/T7/0645.jpg,test
F013/T7/0892.jpg,test
F013/T7/0949.jpg,test
F013/T8/063.jpg,test
F013/T8/087.jpg,test
F013/T8/137.jpg,test
F014/T2/0827.jpg,test
F014/T2/0962.jpg,test
F014/T2/0994.jpg,test
F014/T3/071.jpg,test
F014/T3/112.jpg,test
F014/T3/283.jpg,test
F014/T3/300.jpg,test
F014/T4/065.jpg,test
F014/T4/088.jpg,test
F014/T4/212.jpg,test
F014/T5/0515.jpg,test
F014/T5/0562.jpg,test
F014/T5/0678.jpg,test
F014/T5/0793.jpg,test
F014/T5/0960.jpg,test
F014/T6/582.jpg,test
F014/T6/624.jpg,test
F014/T6/943.jpg,test
F014/T8/019.jpg,test
F014/T8/086.jpg,test
F014/T8/093.jpg,test
F014/T8/118.jpg,test
F014/T8/155.jpg,test
F015/T1/0815.jpg,test
F015/T1/0831.jpg,test
F015/T1/1148.jpg,test
F015/T3/208.jpg,test
F015/T3/288.jpg,test
F015/T4/1922.jpg,test
F015/T4/1953.jpg,test
F015/T4/2001.jpg,test
F015/T4/2054.jpg,test
F015/T4/2169.jpg,test
F015/T4/2219.jpg,test
F015/T5/0054.jpg,test
F015/T5/0088.jpg,test
F015/T5/0145.jpg,test
F015/T5/0193.jpg,test
F015/T6/1068.jpg,test
F015/T6/1151.jpg,test
F015/T6/1340.jpg,test
F015/T6/1421.jpg,test
F015/T6/1441.jpg,test
F015/T6/1468.jpg,test
F015/T7/1093.jpg,test
F015/T7/1289.jpg,test
F015/T7/1329.jpg,test
F015/T8/020.jpg,test
F015/T8/038.jpg,test
F015/T8/074.jpg,test
F015/T8/079.jpg,test
F015/T8/084.jpg,test
F016/T1/051.jpg,test
F016/T1/114.jpg,test
F016/T1/314.jpg,test
F016/T2/0603.jpg,test
F016/T2/0619.jpg,test
F016/T2/0716.jpg,test
F016/T2/0902.jpg,test
F016/T3/079.jpg,test
F016/T3/096.jpg,test
F016/T3/197.jpg,test
F016/T3/272.jpg,test
F016/T4/1022.jpg,test
F016/T4/1262.jpg,test
F016/T4/1328.jpg,test
F016/T4/1393.jpg,test
F016/T4/1425.jpg,test
F016/T5/0632.jpg,test
F016/T5/0652.jpg,test
F016/T6/0933.jpg,test
F016/T6/0948.jpg,test
F016/T6/1169.jpg,test
F016/T6/1224.jpg,test
F016/T7/0130.jpg,test
F016/T7/0175.jpg,test
F016/T7/0198.jpg,test
F016/T7/0419.jpg,test
F016/T7/0435.jpg,test
F016/T8/005.jpg,test
F016/T8/128.jpg,test
F017/T1/0173.jpg,test
F017/T1/0309.jpg,test
F017/T1/0351.jpg,test
F017/T2/1205.jpg,test
F017/T2/1259.jpg,test
F017/T2/1424.jpg,test
F017/T2/1475.jpg,test
F017/T3/327.jpg,test
F017/T3/413.jpg,test
F017/T3/444.jpg,test
F017/T4/0400.jpg,test
F017/T5/0314.jpg,test
F017/T5/0329.jpg,test
F017/T5/0403.jpg,test
F017/T6/1045.jpg,test
F017/T6/1076.jpg,test
F017/T6/1147.jpg,test
F017/T6/1256.jpg,test
F017/T7/1014.jpg,test
F017/T7/1070.jpg,test
F017/T7/1316.jpg,test
F017/T7/1366.jpg,test
F017/T7/1398.jpg,test
F017/T7/1447.jpg,test
F017/T8/007.jpg,test
F017/T8/040.jpg,test
F017/T8/120.jpg,test
F017/T8/153.jpg,test
F018/T1/0853.jpg,test
F018/T1/0968.jpg,test
F018/T1/1048.jpg,test
F018/T2/0006.jpg,test
F018/T2/0113.jpg,test
F018/T2/0122.jpg,test
F018/T2/0207.jpg,test
F018/T2/0250.jpg,test
F018/T2/0274.jpg,test
F018/T2/0463.jpg,test
F018/T3/025.jpg,test
F018/T3/042.jpg,test
F018/T3/059.jpg,test
F018/T3/074.jpg,test
F018/T3/117.jpg,test
F018/T3/204.jpg,test
F018/T4/0524.jpg,test
F018/T4/0572.jpg,test
F018/T4/0618.jpg,test
F018/T4/0648.jpg,test
F018/T4/0865.jpg,test
F018/T4/0945.jpg,test
F018/T6/1157.jpg,test
F018/T6/1295.jpg,test
F018/T6/1326.jpg,test
F018/T6/1353.jpg,test
F018/T7/1685.jpg,test
F018/T7/1688.jpg,test
F018/T7/1693.jpg,test
F018/T7/1704.jpg,test
F018/T7/1724.jpg,test
F018/T8/020.jpg,test
F018/T8/139.jpg,test
F018/T8/190.jpg,test
F018/T8/260.jpg,test
F019/T1/387.jpg,test
F019/T1/628.jpg,test
F019/T2/0677.jpg,test
F019/T2/0770.jpg,test
F019/T2/0892.jpg,test
F019/T2/1024.jpg,test
F019/T3/081.jpg,test
F019/T3/103.jpg,test
F019/T3/131.jpg,test
F019/T4/0148.jpg,test
F019/T4/0157.jpg,test
F019/T4/0280.jpg,test
F019/T5/0303.jpg,test
F019/T5/0464.jpg,test
F019/T5/0688.jpg,test
F019/T6/025.jpg,test
F019/T6/185.jpg,test
F019/T7/0878.jpg,test
F019/T7/1020.jpg,test
F019/T7/1039.jpg,test
F019/T7/1047.jpg,test
F019/T8/161.jpg,test
F019/T8/204.jpg,test
F020/T1/0925.jpg,test
F020/T1/1222.jpg,test
F020/T1/1272.jpg,test
F020/T1/1282.jpg,test
F020/T1/1312.jpg,test
F020/T1/1331.jpg,test
F020/T2/1257.jpg,test
F020/T2/1354.jpg,test
F020/T2/1406.jpg,test
F020/T2/1422.jpg,test
F020/T2/1429.jpg,test
F020/T2/1482.jpg,test
F020/T2/1489.jpg,test
F020/T2/1525.jpg,test
F020/T3/280.jpg,test
F020/T3/282.jpg,test
F020/T4/0100.jpg,test
F020/T4/0243.jpg,test
F020/T4/0264.jpg,test
F020/T4/0336.jpg,test
F020/T4/0380.jpg,test
F020/T4/0453.jpg,test
F020/T5/0145.jpg,test
F020/T5/0174.jpg,test
F020/T5/0387.jpg,test
F020/T5/0390.jpg,test
F020/T6/1023.jpg,test
F020/T6/1132.jpg,test
F020/T7/1287.jpg,test
F021/T1/112.jpg,test
F021/T1/153.jpg,test
F021/T1/165.jpg,test
F021/T2/1391.jpg,test
F021/T3/016.jpg,test
F021/T3/116.jpg,test
F021/T3/162.jpg,test
F021/T4/0349.jpg,test
F021/T4/0356.jpg,test
F021/T4/0361.jpg,test
F021/T4/0456.jpg,test
F021/T4/0622.jpg,test
F021/T4/0638.jpg,test
F021/T5/539.jpg,test
F021/T5/629.jpg,test
F021/T5/632.jpg,test
F021/T5/643.jpg,test
F021/T5/696.jpg,test
F021/T6/053.jpg,test
F021/T6/106.jpg,test
F021/T6/128.jpg,test
F021/T6/302.jpg,test
F021/T7/1239.jpg,test
F021/T7/1523.jpg,test
F021/T8/072.jpg,test
F021/T8/339.jpg,test
F022/T1/1163.jpg,test
F022/T1/1595.jpg,test
F022/T2/0294.jpg,test
F022/T2/0364.jpg,test
F022/T2/0394.jpg,test
F022/T2/0583.jpg,test
F022/T2/0634.jpg,test
F022/T2/0725.jpg,test
F022/T3/067.jpg,test
F022/T3/068.jpg,test
F022/T3/121.jpg,test
F022/T3/182.jpg,test
F022/T3/189.jpg,test
F022/T4/0703.jpg,test
F022/T4/0737.jpg,test
F022/T4/0845.jpg,test
F022/T4/0968.jpg,test
F022/T5/0408.jpg,test
F022/T5/0715.jpg,test
F022/T5/0732.jpg,test
F022/T5/0772.jpg,test
F022/T6/227.jpg,test
F022/T6/264.jpg,test
F022/T6/315.jpg,test
F022/T7/0747.jpg,test
F022/T7/0902.jpg,test
F022/T8/061.jpg,test
F022/T8/105.jpg,test
F022/T8/335.jpg,test
F022/T8/361.jpg,test
