F002/T1/0003.jpg,training
F002/T1/0017.jpg,training
F002/T1/0021.jpg,training
F002/T1/0030.jpg,training
F002/T1/0041.jpg,training
F002/T1/0048.jpg,training
F002/T1/0066.jpg,training
F002/T1/0092.jpg,training
F002/T1/0116.jpg,training
F002/T1/0153.jpg,training
F002/T1/0174.jpg,training
F002/T1/0217.jpg,training
F002/T1/0224.jpg,training
F002/T1/0243.jpg,training
F002/T1/0251.jpg,training
F002/T1/0274.jpg,training
F002/T1/0294.jpg,training
F002/T1/0309.jpg,training
F002/T1/0323.jpg,training
F002/T1/0353.jpg,training
F002/T1/0364.jpg,training
F002/T1/0375.jpg,training
F002/T1/0382.jpg,training
F002/T1/0389.jpg,training
F002/T1/0400.jpg,training
F002/T1/0413.jpg,training
F002/T1/0422.jpg,training
F002/T1/0482.jpg,training
F002/T1/0486.jpg,training
F002/T1/0510.jpg,training
F002/T2/0014.jpg,training
F002/T2/0021.jpg,training
F002/T2/0048.jpg,training
F002/T2/0049.jpg,training
F002/T2/0061.jpg,training
F002/T2/0062.jpg,training
F002/T2/0084.jpg,training
F002/T2/0090.jpg,training
F002/T2/0124.jpg,training
F002/T2/0141.jpg,training
F002/T2/0201.jpg,training
F002/T2/0213.jpg,training
F002/T2/0279.jpg,training
F002/T2/0294.jpg,training
F002/T2/0304.jpg,training
F002/T2/0308.jpg,training
F002/T2/0322.jpg,training
F002/T2/0327.jpg,training
F002/T2/0338.jpg,training
F002/T2/0351.jpg,training
F002/T2/0359.jpg,training
F002/T2/0363.jpg,training
F002/T2/0369.jpg,training
F002/T2/0402.jpg,training
F002/T2/0422.jpg,training
F002/T2/0483.jpg,training
F002/T2/0487.jpg,training
F002/T3/003.jpg,training
F002/T3/004.jpg,training
F002/T3/014.jpg,training
F002/T3/038.jpg,training
F002/T3/047.jpg,training
F002/T3/053.jpg,training
F002/T3/068.jpg,training
F002/T3/082.jpg,training
F002/T3/083.jpg,training
F002/T3/088.jpg,training
F002/T3/103.jpg,training
F002/T3/115.jpg,training
F002/T3/139.jpg,training
F002/T3/146.jpg,training
F002/T3/151.jpg,training
F002/T3/165.jpg,training
F002/T3/168.jpg,training
F002/T3/175.jpg,training
F002/T3/197.jpg,training
F002/T3/210.jpg,training
F002/T3/211.jpg,training
F002/T3/212.jpg,training
F002/T3/214.jpg,training
F002/T3/216.jpg,training
F002/T3/218.jpg,training
F002/T3/244.jpg,training
F002/T3/246.jpg,training
F002/T4/1466.jpg,training
F002/T4/1475.jpg,training
F002/T4/1499.jpg,training
F002/T4/1500.jpg,training
F002/T4/1517.jpg,training
F002/T4/1520.jpg,training
F002/T4/1559.jpg,training
F002/T4/1579.jpg,training
F002/T4/1600.jpg,training
F002/T4/1656.jpg,training
F002/T4/1670.jpg,training
F002/T4/1680.jpg,training
F002/T4/1693.jpg,training
F002/T4/1748.jpg,training
F002/T4/1760.jpg,training
F002/T4/1772.jpg,training
F002/T4/1803.jpg,training
F002/T4/1819.jpg,training
F002/T4/1850.jpg,training
F002/T4/1862.jpg,training
F002/T4/1890.jpg,training
F002/T4/1907.jpg,training
F002/T4/1934.jpg,training
F002/T4/1935.jpg,training
F002/T4/1957.jpg,training
F002/T4/1960.jpg,training
F002/T4/1962.jpg,training
F002/T4/1966.jpg,training
F002/T4/1969.jpg,training
F002/T4/1984.jpg,training
F002/T5/0707.jpg,training
F002/T5/0713.jpg,training
F002/T5/0723.jpg,training
F002/T5/0727.jpg,training
F002/T5/0749.jpg,training
F002/T5/0769.jpg,training
F002/T5/0815.jpg,training
F002/T5/0870.jpg,training
F002/T5/0878.jpg,training
F002/T5/0905.jpg,training
F002/T5/0909.jpg,training
F002/T5/0967.jpg,training
F002/T5/0974.jpg,training
F002/T5/1018.jpg,training
F002/T5/1036.jpg,training
F002/T5/1039.jpg,training
F002/T5/1046.jpg,training
F002/T5/1047.jpg,training
F002/T5/1059.jpg,training
F002/T5/1062.jpg,training
F002/T5/1064.jpg,training
F002/T5/1066.jpg,training
F002/T5/1093.jpg,training
F002/T5/1107.jpg,training
F002/T5/1113.jpg,training
F002/T5/1116.jpg,training
F002/T5/1166.jpg,training
F002/T5/1180.jpg,training
F002/T6/0008.jpg,training
F002/T6/0020.jpg,training
F002/T6/0026.jpg,training
F002/T6/0064.jpg,training
F002/T6/0072.jpg,training
F002/T6/0152.jpg,training
F002/T6/0163.jpg,training
F002/T6/0176.jpg,training
F002/T6/0209.jpg,training
F002/T6/0233.jpg,training
F002/T6/0240.jpg,training
F002/T6/0245.jpg,training
F002/T6/0273.jpg,training
F002/T6/0274.jpg,training
F002/T6/0296.jpg,training
F002/T6/0301.jpg,training
F002/T6/0330.jpg,training
F002/T6/0336.jpg,training
F002/T6/0402.jpg,training
F002/T6/0429.jpg,training
F002/T6/0432.jpg,training
F002/T6/0447.jpg,training
F002/T6/0473.jpg,training
F002/T6/0474.jpg,training
F002/T6/0523.jpg,training
F002/T6/0539.jpg,training
F002/T7/0639.jpg,training
F002/T7/0645.jpg,training
F002/T7/0650.jpg,training
F002/T7/0657.jpg,training
F002/T7/0707.jpg,training
F002/T7/0737.jpg,training
F002/T7/0740.jpg,training
F002/T7/0761.jpg,training
F002/T7/0791.jpg,training
F002/T7/0793.jpg,training
F002/T7/0799.jpg,training
F002/T7/0807.jpg,training
F002/T7/0812.jpg,training
F002/T7/0854.jpg,training
F002/T7/0870.jpg,training
F002/T7/0897.jpg,training
F002/T7/0911.jpg,training
F002/T7/0915.jpg,training
F002/T7/0952.jpg,training
F002/T7/0955.jpg,training
F002/T7/0956.jpg,training
F002/T7/0988.jpg,training
F002/T7/1037.jpg,training
F002/T7/1082.jpg,training
F002/T7/1116.jpg,training
F002/T7/1142.jpg,training
F002/T7/1161.jpg,training
F002/T7/1168.jpg,training
F002/T7/1178.jpg,training
F002/T7/1207.jpg,training
F002/T7/1235.jpg,training
F002/T8/0820.jpg,training
F002/T8/0827.jpg,training
F002/T8/0830.jpg,training
F002/T8/0835.jpg,training
F002/T8/0843.jpg,training
F002/T8/0889.jpg,training
F002/T8/0892.jpg,training
F002/T8/0901.jpg,training
F002/T8/0902.jpg,training
F002/T8/0936.jpg,training
F002/T8/0938.jpg,training
F002/T8/0940.jpg,training
F002/T8/0945.jpg,training
F002/T8/0947.jpg,training
F002/T8/0951.jpg,training
F002/T8/0966.jpg,training
F002/T8/0969.jpg,training
F002/T8/1000.jpg,training
F002/T8/1021.jpg,training
F002/T8/1028.jpg,training
F002/T8/1054.jpg,training
F002/T8/1056.jpg,training
F002/T8/1059.jpg,training
F002/T8/1073.jpg,training
F002/T8/1081.jpg,training
F002/T8/1092.jpg,training
F002/T8/1094.jpg,training
F002/T8/1123.jpg,training
F002/T8/1128.jpg,training
F003/T1/0735.jpg,training
F003/T1/0749.jpg,training
F003/T1/0767.jpg,training
F003/T1/0781.jpg,training
F003/T1/0810.jpg,training
F003/T1/0856.jpg,training
F003/T1/0864.jpg,training
F003/T1/0906.jpg,training
F003/T1/0912.jpg,training
F003/T1/0932.jpg,training
F003/T1/0937.jpg,training
F003/T1/0948.jpg,training
F003/T1/0962.jpg,training
F003/T1/0964.jpg,training
F003/T1/0979.jpg,training
F003/T1/0981.jpg,training
F003/T1/0993.jpg,training
F003/T1/1006.jpg,training
F003/T1/1042.jpg,training
F003/T1/1097.jpg,training
F003/T1/1110.jpg,training
F003/T1/1121.jpg,training
F003/T1/1128.jpg,training
F003/T1/1143.jpg,training
F003/T1/1161.jpg,training
F003/T1/1162.jpg,training
F003/T1/1187.jpg,training
F003/T2/0890.jpg,training
F003/T2/0907.jpg,training
F003/T2/0916.jpg,training
F003/T2/0937.jpg,training
F003/T2/0956.jpg,training
F003/T2/0964.jpg,training
F003/T2/0981.jpg,training
F003/T2/0992.jpg,training
F003/T2/1030.jpg,training
F003/T2/1093.jpg,training
F003/T2/1107.jpg,training
F003/T2/1112.jpg,training
F003/T2/1118.jpg,training
F003/T2/1138.jpg,training
F003/T2/1151.jpg,training
F003/T2/1153.jpg,training
F003/T2/1215.jpg,training
F003/T2/1231.jpg,training
F003/T2/1250.jpg,training
F003/T2/1271.jpg,training
F003/T2/1313.jpg,training
F003/T2/1319.jpg,training
F003/T2/1331.jpg,training
F003/T2/1345.jpg,training
F003/T2/1362.jpg,training
F003/T2/1376.jpg,training
F003/T2/1384.jpg,training
F003/T2/1398.jpg,training
F003/T2/1402.jpg,training
F003/T2/1485.jpg,training
F003/T3/024.jpg,training
F003/T3/026.jpg,training
F003/T3/028.jpg,training
F003/T3/061.jpg,training
F003/T3/078.jpg,training
F003/T3/086.jpg,training
F003/T3/113.jpg,training
F003/T3/129.jpg,training
F003/T3/147.jpg,training
F003/T3/153.jpg,training
F003/T3/156.jpg,training
F003/T3/167.jpg,training
F003/T3/176.jpg,training
F003/T3/179.jpg,training
F003/T3/180.jpg,training
F003/T3/185.jpg,training
F003/T3/188.jpg,training
F003/T3/211.jpg,training
F003/T3/215.jpg,training
F003/T3/217.jpg,training
F003/T3/229.jpg,training
F003/T3/240.jpg,training
F003/T3/242.jpg,training
F003/T3/264.jpg,training
F003/T4/0474.jpg,training
F003/T4/0480.jpg,training
F003/T4/0490.jpg,training
F003/T4/0500.jpg,training
F003/T4/0514.jpg,training
F003/T4/0521.jpg,training
F003/T4/0610.jpg,training
F003/T4/0637.jpg,training
F003/T4/0645.jpg,training
F003/T4/0666.jpg,training
F003/T4/0680.jpg,training
F003/T4/0687.jpg,training
F003/T4/0715.jpg,training
F003/T4/0728.jpg,training
F003/T4/0743.jpg,training
F003/T4/0749.jpg,training
F003/T4/0775.jpg,training
F003/T4/0811.jpg,training
F003/T4/0815.jpg,training
F003/T4/0839.jpg,training
F003/T4/0852.jpg,training
F003/T4/0858.jpg,training
F003/T4/0890.jpg,training
F003/T4/0919.jpg,training
F003/T4/0926.jpg,training
F003/T4/0940.jpg,training
F003/T4/0948.jpg,training
F003/T4/0959.jpg,training
F003/T5/0562.jpg,training
F003/T5/0615.jpg,training
F003/T5/0632.jpg,training
F003/T5/0704.jpg,training
F003/T5/0713.jpg,training
F003/T5/0726.jpg,training
F003/T5/0739.jpg,training
F003/T5/0756.jpg,training
F003/T5/0758.jpg,training
F003/T5/0770.jpg,training
F003/T5/0771.jpg,training
F003/T5/0793.jpg,training
F003/T5/0799.jpg,training
F003/T5/0803.jpg,training
F003/T5/0850.jpg,training
F003/T5/0856.jpg,training
F003/T5/0860.jpg,training
F003/T5/0873.jpg,training
F003/T5/0889.jpg,training
F003/T5/0897.jpg,training
F003/T5/0909.jpg,training
F003/T5/0925.jpg,training
F003/T5/0960.jpg,training
F003/T5/0962.jpg,training
F003/T5/0970.jpg,training
F003/T5/0988.jpg,training
F003/T5/0996.jpg,training
F003/T6/009.jpg,training
F003/T6/023.jpg,training
F003/T6/031.jpg,training
F003/T6/034.jpg,training
F003/T6/035.jpg,training
F003/T6/051.jpg,training
F003/T6/060.jpg,training
F003/T6/066.jpg,training
F003/T6/070.jpg,training
F003/T6/073.jpg,training
F003/T6/076.jpg,training
F003/T6/078.jpg,training
F003/T6/083.jpg,training
F003/T6/088.jpg,training
F003/T6/096.jpg,training
F003/T6/097.jpg,training
F003/T6/098.jpg,training
F003/T6/113.jpg,training
F003/T6/123.jpg,training
F003/T6/125.jpg,training
F003/T6/126.jpg,training
F003/T6/133.jpg,training
F003/T6/143.jpg,training
F003/T6/144.jpg,training
F003/T6/145.jpg,training
F003/T6/156.jpg,training
F003/T6/160.jpg,training
F003/T6/173.jpg,training
F003/T6/191.jpg,training
F003/T6/197.jpg,training
F003/T7/0025.jpg,training
F003/T7/0037.jpg,training
F003/T7/0053.jpg,training
F003/T7/0094.jpg,training
F003/T7/0107.jpg,training
F003/T7/0142.jpg,training
F003/T7/0150.jpg,training
F003/T7/0163.jpg,training
F003/T7/0207.jpg,training
F003/T7/0212.jpg,training
F003/T7/0224.jpg,training
F003/T7/0235.jpg,training
F003/T7/0241.jpg,training
F003/T7/0266.jpg,training
F003/T7/0321.jpg,training
F003/T7/0341.jpg,training
F003/T7/0382.jpg,training
F003/T7/0385.jpg,training
F003/T7/0391.jpg,training
F003/T7/0393.jpg,training
F003/T7/0414.jpg,training
F003/T7/0432.jpg,training
F003/T7/0463.jpg,training
F003/T7/0472.jpg,training
F003/T7/0478.jpg,training
F003/T7/0488.jpg,training
F003/T7/0491.jpg,training
F003/T7/0499.jpg,training
F003/T7/0504.jpg,training
F003/T8/419.jpg,training
F003/T8/433.jpg,training
F003/T8/438.jpg,training
F003/T8/455.jpg,training
F003/T8/476.jpg,training
F003/T8/481.jpg,training
F003/T8/483.jpg,training
F003/T8/491.jpg,training
F003/T8/495.jpg,training
F003/T8/509.jpg,training
F003/T8/513.jpg,training
F003/T8/531.jpg,training
F003/T8/573.jpg,training
F003/T8/574.jpg,training
F003/T8/591.jpg,training
F003/T8/594.jpg,training
F003/T8/646.jpg,training
F003/T8/663.jpg,training
F003/T8/671.jpg,training
F003/T8/674.jpg,training
F003/T8/683.jpg,training
F003/T8/705.jpg,training
F003/T8/733.jpg,training
F003/T8/806.jpg,training
F003/T8/813.jpg,training
F003/T8/846.jpg,training
F003/T8/882.jpg,training
F003/T8/890.jpg,training
F003/T8/896.jpg,training
F003/T8/913.jpg,training
F005/T1/0903.jpg,training
F005/T1/0921.jpg,training
F005/T1/0925.jpg,training
F005/T1/0929.jpg,training
F005/T1/0937.jpg,training
F005/T1/0942.jpg,training
F005/T1/0950.jpg,training
F005/T1/0959.jpg,training
F005/T1/0994.jpg,training
F005/T1/1042.jpg,training
F005/T1/1077.jpg,training
F005/T1/1133.jpg,training
F005/T1/1177.jpg,training
F005/T1/1195.jpg,training
F005/T1/1209.jpg,training
F005/T1/1216.jpg,training
F005/T1/1236.jpg,training
F005/T1/1252.jpg,training
F005/T1/1272.jpg,training
F005/T1/1277.jpg,training
F005/T1/1278.jpg,training
F005/T1/1296.jpg,training
F005/T1/1298.jpg,training
F005/T1/1335.jpg,training
F005/T1/1358.jpg,training
F005/T2/1134.jpg,training
F005/T2/1165.jpg,training
F005/T2/1205.jpg,training
F005/T2/1221.jpg,training
F005/T2/1233.jpg,training
F005/T2/1240.jpg,training
F005/T2/1243.jpg,training
F005/T2/1250.jpg,training
F005/T2/1255.jpg,training
F005/T2/1275.jpg,training
F005/T2/1280.jpg,training
F005/T2/1282.jpg,training
F005/T2/1290.jpg,training
F005/T2/1313.jpg,training
F005/T2/1317.jpg,training
F005/T2/1319.jpg,training
F005/T2/1321.jpg,training
F005/T2/1326.jpg,training
F005/T2/1356.jpg,training
F005/T2/1357.jpg,training
F005/T2/1373.jpg,training
F005/T2/1393.jpg,training
F005/T2/1415.jpg,training
F005/T2/1444.jpg,training
F005/T2/1524.jpg,training
F005/T2/1586.jpg,training
F005/T3/004.jpg,training
F005/T3/007.jpg,training
F005/T3/015.jpg,training
F005/T3/029.jpg,training
F005/T3/054.jpg,training
F005/T3/058.jpg,training
F005/T3/073.jpg,training
F005/T3/083.jpg,training
F005/T3/101.jpg,training
F005/T3/109.jpg,training
F005/T3/130.jpg,training
F005/T3/151.jpg,training
F005/T3/154.jpg,training
F005/T3/179.jpg,training
F005/T3/185.jpg,training
F005/T3/193.jpg,training
F005/T3/206.jpg,training
F005/T3/214.jpg,training
F005/T3/226.jpg,training
F005/T3/237.jpg,training
F005/T3/242.jpg,training
F005/T3/246.jpg,training
F005/T3/254.jpg,training
F005/T3/265.jpg,training
F005/T3/282.jpg,training
F005/T3/289.jpg,training
F005/T3/293.jpg,training
F005/T3/302.jpg,training
F005/T3/303.jpg,training
F005/T4/0638.jpg,training
F005/T4/0646.jpg,training
F005/T4/0651.jpg,training
F005/T4/0653.jpg,training
F005/T4/0681.jpg,training
F005/T4/0710.jpg,training
F005/T4/0711.jpg,training
F005/T4/0746.jpg,training
F005/T4/0754.jpg,training
F005/T4/0757.jpg,training
F005/T4/0810.jpg,training
F005/T4/0824.jpg,training
F005/T4/0830.jpg,training
F005/T4/0873.jpg,training
F005/T4/0884.jpg,training
F005/T4/0938.jpg,training
F005/T4/0974.jpg,training
F005/T4/0980.jpg,training
F005/T4/0982.jpg,training
F005/T4/1035.jpg,training
F005/T4/1060.jpg,training
F005/T4/1072.jpg,training
F005/T4/1075.jpg,training
F005/T4/1089.jpg,training
F005/T4/1095.jpg,training
F005/T4/1117.jpg,training
F005/T5/0854.jpg,training
F005/T5/0887.jpg,training
F005/T5/0910.jpg,training
F005/T5/0924.jpg,training
F005/T5/0964.jpg,training
F005/T5/1022.jpg,training
F005/T5/1047.jpg,training
F005/T5/1105.jpg,training
F005/T5/1106.jpg,training
F005/T5/1108.jpg,training
F005/T5/1109.jpg,training
F005/T5/1182.jpg,training
F005/T5/1205.jpg,training
F005/T5/1227.jpg,training
F005/T5/1239.jpg,training
F005/T5/1247.jpg,training
F005/T5/1258.jpg,training
F005/T5/1268.jpg,training
F005/T5/1273.jpg,training
F005/T5/1279.jpg,training
F005/T5/1330.jpg,training
F005/T5/1363.jpg,training
F005/T5/1369.jpg,training
F005/T6/368.jpg,training
F005/T6/369.jpg,training
F005/T6/377.jpg,training
F005/T6/390.jpg,training
F005/T6/398.jpg,training
F005/T6/437.jpg,training
F005/T6/456.jpg,training
F005/T6/462.jpg,training
F005/T6/467.jpg,training
F005/T6/475.jpg,training
F005/T6/521.jpg,training
F005/T6/528.jpg,training
F005/T6/539.jpg,training
F005/T6/555.jpg,training
F005/T6/576.jpg,training
F005/T6/592.jpg,training
F005/T6/619.jpg,training
F005/T6/655.jpg,training
F005/T6/694.jpg,training
F005/T6/702.jpg,training
F005/T6/710.jpg,training
F005/T6/776.jpg,training
F005/T6/791.jpg,training
F005/T6/814.jpg,training
F005/T6/819.jpg,training
F005/T6/844.jpg,training
F005/T7/0278.jpg,training
F005/T7/0283.jpg,training
F005/T7/0292.jpg,training
F005/T7/0304.jpg,training
F005/T7/0332.jpg,training
F005/T7/0339.jpg,training
F005/T7/0346.jpg,training
F005/T7/0355.jpg,training
F005/T7/0357.jpg,training
F005/T7/0361.jpg,training
F005/T7/0383.jpg,training
F005/T7/0408.jpg,training
F005/T7/0428.jpg,training
F005/T7/0434.jpg,training
F005/T7/0443.jpg,training
F005/T7/0461.jpg,training
F005/T7/0472.jpg,training
F005/T7/0478.jpg,training
F005/T7/0487.jpg,training
F005/T7/0489.jpg,training
F005/T7/0497.jpg,training
F005/T7/0544.jpg,training
F005/T7/0550.jpg,training
F005/T7/0596.jpg,training
F005/T7/0615.jpg,training
F005/T7/0617.jpg,training
F005/T7/0712.jpg,training
F005/T7/0733.jpg,training
F005/T7/0738.jpg,training
F005/T7/0752.jpg,training
F005/T8/010.jpg,training
F005/T8/016.jpg,training
F005/T8/023.jpg,training
F005/T8/028.jpg,training
F005/T8/031.jpg,training
F005/T8/044.jpg,training
F005/T8/074.jpg,training
F005/T8/100.jpg,training
F005/T8/112.jpg,training
F005/T8/116.jpg,training
F005/T8/198.jpg,training
F005/T8/220.jpg,training
F005/T8/228.jpg,training
F005/T8/235.jpg,training
F005/T8/239.jpg,training
F005/T8/272.jpg,training
F005/T8/275.jpg,training
F005/T8/303.jpg,training
F005/T8/308.jpg,training
F005/T8/344.jpg,training
F005/T8/359.jpg,training
F005/T8/362.jpg,training
F005/T8/400.jpg,training
F005/T8/409.jpg,training
F005/T8/411.jpg,training
F005/T8/414.jpg,training
F005/T8/460.jpg,training
F005/T8/481.jpg,training
F005/T8/520.jpg,training
F005/T8/521.jpg,training
F007/T1/0647.jpg,training
F007/T1/0651.jpg,training
F007/T1/0677.jpg,training
F007/T1/0679.jpg,training
F007/T1/0681.jpg,training
F007/T1/0684.jpg,training
F007/T1/0702.jpg,training
F007/T1/0710.jpg,training
F007/T1/0712.jpg,training
F007/T1/0798.jpg,training
F007/T1/0831.jpg,training
F007/T1/0842.jpg,training
F007/T1/0882.jpg,training
F007/T1/0913.jpg,training
F007/T1/0916.jpg,training
F007/T1/0937.jpg,training
F007/T1/0947.jpg,training
F007/T1/0948.jpg,training
F007/T1/0957.jpg,training
F007/T1/0964.jpg,training
F007/T1/0965.jpg,training
F007/T1/0983.jpg,training
F007/T1/1001.jpg,training
F007/T1/1007.jpg,training
F007/T1/1009.jpg,training
F007/T1/1010.jpg,training
F007/T1/1014.jpg,training
F007/T1/1040.jpg,training
F007/T1/1070.jpg,training
F007/T1/1109.jpg,training
F007/T1/1121.jpg,training
F007/T2/0016.jpg,training
F007/T2/0044.jpg,training
F007/T2/0047.jpg,training
F007/T2/0108.jpg,training
F007/T2/0110.jpg,training
F007/T2/0144.jpg,training
F007/T2/0148.jpg,training
F007/T2/0152.jpg,training
F007/T2/0175.jpg,training
F007/T2/0179.jpg,training
F007/T2/0215.jpg,training
F007/T2/0230.jpg,training
F007/T2/0231.jpg,training
F007/T2/0234.jpg,training
F007/T2/0237.jpg,training
F007/T2/0241.jpg,training
F007/T2/0271.jpg,training
F007/T2/0285.jpg,training
F007/T2/0286.jpg,training
F007/T2/0384.jpg,training
F007/T2/0387.jpg,training
F007/T2/0392.jpg,training
F007/T2/0398.jpg,training
F007/T2/0423.jpg,training
F007/T2/0437.jpg,training
F007/T2/0443.jpg,training
F007/T2/0459.jpg,training
F007/T2/0467.jpg,training
F007/T2/0479.jpg,training
F007/T3/034.jpg,training
F007/T3/062.jpg,training
F007/T3/088.jpg,training
F007/T3/090.jpg,training
F007/T3/102.jpg,training
F007/T3/114.jpg,training
F007/T3/127.jpg,training
F007/T3/136.jpg,training
F007/T3/138.jpg,training
F007/T3/165.jpg,training
F007/T3/178.jpg,training
F007/T3/187.jpg,training
F007/T3/211.jpg,training
F007/T3/217.jpg,training
F007/T3/220.jpg,training
F007/T3/235.jpg,training
F007/T3/237.jpg,training
F007/T3/259.jpg,training
F007/T3/267.jpg,training
F007/T3/272.jpg,training
F007/T3/285.jpg,training
F007/T3/296.jpg,training
F007/T3/310.jpg,training
F007/T3/326.jpg,training
F007/T3/331.jpg,training
F007/T3/339.jpg,training
F007/T3/342.jpg,training
F007/T3/352.jpg,training
F007/T3/362.jpg,training
F007/T3/373.jpg,training
F007/T3/376.jpg,training
F007/T4/1136.jpg,training
F007/T4/1151.jpg,training
F007/T4/1165.jpg,training
F007/T4/1178.jpg,training
F007/T4/1188.jpg,training
F007/T4/1216.jpg,training
F007/T4/1225.jpg,training
F007/T4/1231.jpg,training
F007/T4/1232.jpg,training
F007/T4/1235.jpg,training
F007/T4/1236.jpg,training
F007/T4/1257.jpg,training
F007/T4/1261.jpg,training
F007/T4/1272.jpg,training
F007/T4/1276.jpg,training
F007/T4/1300.jpg,training
F007/T4/1305.jpg,training
F007/T4/1308.jpg,training
F007/T4/1316.jpg,training
F007/T4/1322.jpg,training
F007/T4/1363.jpg,training
F007/T4/1365.jpg,training
F007/T4/1416.jpg,training
F007/T4/1417.jpg,training
F007/T4/1461.jpg,training
F007/T4/1470.jpg,training
F007/T4/1474.jpg,training
F007/T4/1517.jpg,training
F007/T4/1547.jpg,training
F007/T4/1557.jpg,training
F007/T4/1574.jpg,training
F007/T5/0075.jpg,training
F007/T5/0076.jpg,training
F007/T5/0087.jpg,training
F007/T5/0125.jpg,training
F007/T5/0139.jpg,training
F007/T5/0149.jpg,training
F007/T5/0154.jpg,training
F007/T5/0159.jpg,training
F007/T5/0163.jpg,training
F007/T5/0181.jpg,training
F007/T5/0193.jpg,training
F007/T5/0194.jpg,training
F007/T5/0206.jpg,training
F007/T5/0212.jpg,training
F007/T5/0272.jpg,training
F007/T5/0291.jpg,training
F007/T5/0300.jpg,training
F007/T5/0308.jpg,training
F007/T5/0324.jpg,training
F007/T5/0348.jpg,training
F007/T5/0355.jpg,training
F007/T5/0356.jpg,training
F007/T5/0365.jpg,training
F007/T5/0398.jpg,training
F007/T5/0399.jpg,training
F007/T5/0508.jpg,training
F007/T5/0544.jpg,training
F007/T6/029.jpg,training
F007/T6/036.jpg,training
F007/T6/047.jpg,training
F007/T6/051.jpg,training
F007/T6/118.jpg,training
F007/T6/123.jpg,training
F007/T6/130.jpg,training
F007/T6/143.jpg,training
F007/T6/186.jpg,training
F007/T6/203.jpg,training
F007/T6/208.jpg,training
F007/T6/246.jpg,training
F007/T6/295.jpg,training
F007/T6/298.jpg,training
F007/T6/342.jpg,training
F007/T6/349.jpg,training
F007/T6/383.jpg,training
F007/T6/407.jpg,training
F007/T6/423.jpg,training
F007/T6/432.jpg,training
F007/T6/438.jpg,training
F007/T6/443.jpg,training
F007/T6/479.jpg,training
F007/T7/0760.jpg,training
F007/T7/0775.jpg,training
F007/T7/0778.jpg,training
F007/T7/0802.jpg,training
F007/T7/0804.jpg,training
F007/T7/0822.jpg,training
F007/T7/0854.jpg,training
F007/T7/0874.jpg,training
F007/T7/0892.jpg,training
F007/T7/0935.jpg,training
F007/T7/0937.jpg,training
F007/T7/0948.jpg,training
F007/T7/0951.jpg,training
F007/T7/1005.jpg,training
F007/T7/1008.jpg,training
F007/T7/1014.jpg,training
F007/T7/1016.jpg,training
F007/T7/1044.jpg,training
F007/T7/1078.jpg,training
F007/T7/1105.jpg,training
F007/T7/1123.jpg,training
F007/T7/1127.jpg,training
F007/T7/1130.jpg,training
F007/T7/1174.jpg,training
F007/T7/1195.jpg,training
F007/T7/1200.jpg,training
F007/T7/1221.jpg,training
F007/T7/1258.jpg,training
F007/T8/001.jpg,training
F007/T8/009.jpg,training
F007/T8/012.jpg,training
F007/T8/013.jpg,training
F007/T8/019.jpg,training
F007/T8/023.jpg,training
F007/T8/026.jpg,training
F007/T8/030.jpg,training
F007/T8/050.jpg,training
F007/T8/058.jpg,training
F007/T8/069.jpg,training
F007/T8/072.jpg,training
F007/T8/074.jpg,training
F007/T8/085.jpg,training
F007/T8/100.jpg,training
F007/T8/105.jpg,training
F007/T8/110.jpg,training
F007/T8/138.jpg,training
F007/T8/143.jpg,training
F007/T8/145.jpg,training
F007/T8/153.jpg,training
F007/T8/165.jpg,training
F007/T8/169.jpg,training
F007/T8/188.jpg,training
F007/T8/193.jpg,training
F007/T8/195.jpg,training
F007/T8/198.jpg,training
F007/T8/199.jpg,training
F007/T8/213.jpg,training
F009/T1/0571.jpg,training
F009/T1/0613.jpg,training
F009/T1/0615.jpg,training
F009/T1/0616.jpg,training
F009/T1/0636.jpg,training
F009/T1/0637.jpg,training
F009/T1/0692.jpg,training
F009/T1/0702.jpg,training
F009/T1/0709.jpg,training
F009/T1/0715.jpg,training
F009/T1/0726.jpg,training
F009/T1/0727.jpg,training
F009/T1/0734.jpg,training
F009/T1/0773.jpg,training
F009/T1/0811.jpg,training
F009/T1/0813.jpg,training
F009/T1/0815.jpg,training
F009/T1/0818.jpg,training
F009/T1/0822.jpg,training
F009/T1/0823.jpg,training
F009/T1/0827.jpg,training
F009/T1/0832.jpg,training
F009/T1/0850.jpg,training
F009/T1/0853.jpg,training
F009/T1/0854.jpg,training
F009/T1/0866.jpg,training
F009/T1/0877.jpg,training
F009/T1/0916.jpg,training
F009/T1/0958.jpg,training
F009/T1/0965.jpg,training
F009/T1/0982.jpg,training
F009/T1/0983.jpg,training
F009/T2/0010.jpg,training
F009/T2/0020.jpg,training
F009/T2/0026.jpg,training
F009/T2/0031.jpg,training
F009/T2/0040.jpg,training
F009/T2/0046.jpg,training
F009/T2/0051.jpg,training
F009/T2/0119.jpg,training
F009/T2/0123.jpg,training
F009/T2/0125.jpg,training
F009/T2/0143.jpg,training
F009/T2/0144.jpg,training
F009/T2/0148.jpg,training
F009/T2/0160.jpg,training
F009/T2/0167.jpg,training
F009/T2/0179.jpg,training
F009/T2/0192.jpg,training
F009/T2/0204.jpg,training
F009/T2/0209.jpg,training
F009/T2/0278.jpg,training
F009/T2/0315.jpg,training
F009/T2/0330.jpg,training
F009/T2/0389.jpg,training
F009/T2/0393.jpg,training
F009/T2/0419.jpg,training
F009/T2/0438.jpg,training
F009/T2/0449.jpg,training
F009/T2/0469.jpg,training
F009/T3/011.jpg,training
F009/T3/013.jpg,training
F009/T3/017.jpg,training
F009/T3/024.jpg,training
F009/T3/028.jpg,training
F009/T3/029.jpg,training
F009/T3/036.jpg,training
F009/T3/043.jpg,training
F009/T3/054.jpg,training
F009/T3/085.jpg,training
F009/T3/086.jpg,training
F009/T3/097.jpg,training
F009/T3/117.jpg,training
F009/T3/124.jpg,training
F009/T3/138.jpg,training
F009/T3/146.jpg,training
F009/T3/154.jpg,training
F009/T3/158.jpg,training
F009/T3/187.jpg,training
F009/T3/188.jpg,training
F009/T3/189.jpg,training
F009/T3/196.jpg,training
F009/T3/216.jpg,training
F009/T3/226.jpg,training
F009/T3/235.jpg,training
F009/T3/263.jpg,training
F009/T3/289.jpg,training
F009/T3/299.jpg,training
F009/T3/324.jpg,training
F009/T3/343.jpg,training
F009/T4/0182.jpg,training
F009/T4/0214.jpg,training
F009/T4/0223.jpg,training
F009/T4/0224.jpg,training
F009/T4/0234.jpg,training
F009/T4/0262.jpg,training
F009/T4/0270.jpg,training
F009/T4/0275.jpg,training
F009/T4/0290.jpg,training
F009/T4/0316.jpg,training
F009/T4/0369.jpg,training
F009/T4/0396.jpg,training
F009/T4/0419.jpg,training
F009/T4/0445.jpg,training
F009/T4/0450.jpg,training
F009/T4/0486.jpg,training
F009/T4/0522.jpg,training
F009/T4/0527.jpg,training
F009/T4/0556.jpg,training
F009/T4/0559.jpg,training
F009/T4/0562.jpg,training
F009/T4/0565.jpg,training
F009/T4/0585.jpg,training
F009/T4/0589.jpg,training
F009/T4/0598.jpg,training
F009/T4/0631.jpg,training
F009/T5/0182.jpg,training
F009/T5/0185.jpg,training
F009/T5/0212.jpg,training
F009/T5/0220.jpg,training
F009/T5/0239.jpg,training
F009/T5/0274.jpg,training
F009/T5/0282.jpg,training
F009/T5/0299.jpg,training
F009/T5/0319.jpg,training
F009/T5/0323.jpg,training
F009/T5/0328.jpg,training
F009/T5/0349.jpg,training
F009/T5/0360.jpg,training
F009/T5/0421.jpg,training
F009/T5/0443.jpg,training
F009/T5/0444.jpg,training
F009/T5/0483.jpg,training
F009/T5/0485.jpg,training
F009/T5/0493.jpg,training
F009/T5/0517.jpg,training
F009/T5/0518.jpg,training
F009/T5/0524.jpg,training
F009/T5/0541.jpg,training
F009/T5/0554.jpg,training
F009/T5/0567.jpg,training
F009/T5/0578.jpg,training
F009/T5/0598.jpg,training
F009/T5/0610.jpg,training
F009/T5/0618.jpg,training
F009/T5/0620.jpg,training
F009/T5/0625.jpg,training
F009/T5/0628.jpg,training
F009/T6/0692.jpg,training
F009/T6/0715.jpg,training
F009/T6/0730.jpg,training
F009/T6/0743.jpg,training
F009/T6/0746.jpg,training
F009/T6/0752.jpg,training
F009/T6/0755.jpg,training
F009/T6/0770.jpg,training
F009/T6/0781.jpg,training
F009/T6/0806.jpg,training
F009/T6/0828.jpg,training
F009/T6/0835.jpg,training
F009/T6/0845.jpg,training
F009/T6/0903.jpg,training
F009/T6/0904.jpg,training
F009/T6/0910.jpg,training
F009/T6/0929.jpg,training
F009/T6/0936.jpg,training
F009/T6/1026.jpg,training
F009/T6/1083.jpg,training
F009/T6/1084.jpg,training
F009/T6/1093.jpg,training
F009/T6/1096.jpg,training
F009/T6/1104.jpg,training
F009/T6/1111.jpg,training
F009/T6/1130.jpg,training
F009/T7/1159.jpg,training
F009/T7/1166.jpg,training
F009/T7/1181.jpg,training
F009/T7/1183.jpg,training
F009/T7/1195.jpg,training
F009/T7/1206.jpg,training
F009/T7/1211.jpg,training
F009/T7/1218.jpg,training
F009/T7/1236.jpg,training
F009/T7/1239.jpg,training
F009/T7/1245.jpg,training
F009/T7/1256.jpg,training
F009/T7/1257.jpg,training
F009/T7/1260.jpg,training
F009/T7/1282.jpg,training
F009/T7/1302.jpg,training
F009/T7/1414.jpg,training
F009/T7/1459.jpg,training
F009/T7/1466.jpg,training
F009/T7/1470.jpg,training
F009/T7/1493.jpg,training
F009/T7/1503.jpg,training
F009/T7/1518.jpg,training
F009/T7/1531.jpg,training
F009/T7/1540.jpg,training
F009/T7/1554.jpg,training
F009/T7/1559.jpg,training
F009/T7/1560.jpg,training
F009/T7/1578.jpg,training
F009/T7/1590.jpg,training
F009/T8/001.jpg,training
F009/T8/022.jpg,training
F009/T8/023.jpg,training
F009/T8/032.jpg,training
F009/T8/038.jpg,training
F009/T8/046.jpg,training
F009/T8/051.jpg,training
F009/T8/059.jpg,training
F009/T8/070.jpg,training
F009/T8/078.jpg,training
F009/T8/082.jpg,training
F009/T8/093.jpg,training
F009/T8/097.jpg,training
F009/T8/100.jpg,training
F009/T8/113.jpg,training
F009/T8/114.jpg,training
F009/T8/122.jpg,training
F009/T8/129.jpg,training
F009/T8/130.jpg,training
F009/T8/135.jpg,training
F014/T1/0453.jpg,training
F014/T1/0458.jpg,training
F014/T1/0463.jpg,training
F014/T1/0496.jpg,training
F014/T1/0498.jpg,training
F014/T1/0516.jpg,training
F014/T1/0536.jpg,training
F014/T1/0539.jpg,training
F014/T1/0565.jpg,training
F014/T1/0569.jpg,training
F014/T1/0627.jpg,training
F014/T1/0651.jpg,training
F014/T1/0652.jpg,training
F014/T1/0664.jpg,training
F014/T1/0666.jpg,training
F014/T1/0668.jpg,training
F014/T1/0670.jpg,training
F014/T1/0691.jpg,training
F014/T1/0730.jpg,training
F014/T1/0766.jpg,training
F014/T1/0783.jpg,training
F014/T1/0784.jpg,training
F014/T1/0811.jpg,training
F014/T1/0834.jpg,training
F014/T1/0835.jpg,training
F014/T1/0875.jpg,training
F014/T1/0887.jpg,training
F014/T1/0908.jpg,training
F014/T2/0588.jpg,training
F014/T2/0600.jpg,training
F014/T2/0608.jpg,training
F014/T2/0612.jpg,training
F014/T2/0621.jpg,training
F014/T2/0627.jpg,training
F014/T2/0669.jpg,training
F014/T2/0695.jpg,training
F014/T2/0698.jpg,training
F014/T2/0713.jpg,training
F014/T2/0752.jpg,training
F014/T2/0763.jpg,training
F014/T2/0780.jpg,training
F014/T2/0781.jpg,training
F014/T2/0785.jpg,training
F014/T2/0837.jpg,training
F014/T2/0862.jpg,training
F014/T2/0884.jpg,training
F014/T2/0885.jpg,training
F014/T2/0892.jpg,training
F014/T2/0930.jpg,training
F014/T2/0952.jpg,training
F014/T2/0956.jpg,training
F014/T2/0960.jpg,training
F014/T2/0980.jpg,training
F014/T2/0982.jpg,training
F014/T2/0984.jpg,training
F014/T2/1032.jpg,training
F014/T2/1046.jpg,training
F014/T2/1056.jpg,training
F014/T2/1067.jpg,training
F014/T3/012.jpg,training
F014/T3/013.jpg,training
F014/T3/029.jpg,training
F014/T3/044.jpg,training
F014/T3/057.jpg,training
F014/T3/087.jpg,training
F014/T3/098.jpg,training
F014/T3/125.jpg,training
F014/T3/136.jpg,training
F014/T3/146.jpg,training
F014/T3/153.jpg,training
F014/T3/163.jpg,training
F014/T3/195.jpg,training
F014/T3/213.jpg,training
F014/T3/215.jpg,training
F014/T3/217.jpg,training
F014/T3/228.jpg,training
F014/T3/249.jpg,training
F014/T3/250.jpg,training
F014/T3/255.jpg,training
F014/T3/259.jpg,training
F014/T3/263.jpg,training
F014/T3/274.jpg,training
F014/T3/295.jpg,training
F014/T3/297.jpg,training
F014/T3/305.jpg,training
F014/T4/007.jpg,training
F014/T4/052.jpg,training
F014/T4/084.jpg,training
F014/T4/101.jpg,training
F014/T4/107.jpg,training
F014/T4/121.jpg,training
F014/T4/129.jpg,training
F014/T4/140.jpg,training
F014/T4/146.jpg,training
F014/T4/183.jpg,training
F014/T4/256.jpg,training
F014/T4/267.jpg,training
F014/T4/310.jpg,training
F014/T4/316.jpg,training
F014/T4/343.jpg,training
F014/T4/345.jpg,training
F014/T4/348.jpg,training
F014/T4/412.jpg,training
F014/T4/419.jpg,training
F014/T4/446.jpg,training
F014/T4/450.jpg,training
F014/T4/455.jpg,training
F014/T4/466.jpg,training
F014/T4/475.jpg,training
F014/T4/491.jpg,training
F014/T5/0516.jpg,training
F014/T5/0529.jpg,training
F014/T5/0578.jpg,training
F014/T5/0603.jpg,training
F014/T5/0636.jpg,training
F014/T5/0644.jpg,training
F014/T5/0672.jpg,training
F014/T5/0693.jpg,training
F014/T5/0703.jpg,training
F014/T5/0711.jpg,training
F014/T5/0717.jpg,training
F014/T5/0722.jpg,training
F014/T5/0735.jpg,training
F014/T5/0768.jpg,training
F014/T5/0792.jpg,training
F014/T5/0847.jpg,training
F014/T5/0852.jpg,training
F014/T5/0870.jpg,training
F014/T5/0878.jpg,training
F014/T5/0881.jpg,training
F014/T5/0899.jpg,training
F014/T5/0915.jpg,training
F014/T5/0928.jpg,training
F014/T5/0933.jpg,training
F014/T5/0936.jpg,training
F014/T5/0939.jpg,training
F014/T5/0942.jpg,training
F014/T5/0987.jpg,training
F014/T5/0990.jpg,training
F014/T5/0993.jpg,training
F014/T5/1000.jpg,training
F014/T6/536.jpg,training
F014/T6/558.jpg,training
F014/T6/563.jpg,training
F014/T6/565.jpg,training
F014/T6/569.jpg,training
F014/T6/585.jpg,training
F014/T6/587.jpg,training
F014/T6/612.jpg,training
F014/T6/655.jpg,training
F014/T6/660.jpg,training
F014/T6/689.jpg,training
F014/T6/695.jpg,training
F014/T6/716.jpg,training
F014/T6/731.jpg,training
F014/T6/752.jpg,training
F014/T6/757.jpg,training
F014/T6/760.jpg,training
F014/T6/777.jpg,training
F014/T6/802.jpg,training
F014/T6/828.jpg,training
F014/T6/855.jpg,training
F014/T6/859.jpg,training
F014/T6/872.jpg,training
F014/T6/895.jpg,training
F014/T6/905.jpg,training
F014/T6/949.jpg,training
F014/T6/959.jpg,training
F014/T6/965.jpg,training
F014/T6/966.jpg,training
F014/T7/0625.jpg,training
F014/T7/0674.jpg,training
F014/T7/0676.jpg,training
F014/T7/0677.jpg,training
F014/T7/0786.jpg,training
F014/T7/0807.jpg,training
F014/T7/0834.jpg,training
F014/T7/0857.jpg,training
F014/T7/0867.jpg,training
F014/T7/0876.jpg,training
F014/T7/0879.jpg,training
F014/T7/0913.jpg,training
F014/T7/0916.jpg,training
F014/T7/0921.jpg,training
F014/T7/0924.jpg,training
F014/T7/0925.jpg,training
F014/T7/0942.jpg,training
F014/T7/0989.jpg,training
F014/T7/0991.jpg,training
F014/T7/0992.jpg,training
F014/T7/0997.jpg,training
F014/T7/1065.jpg,training
F014/T7/1086.jpg,training
F014/T7/1109.jpg,training
F014/T7/1118.jpg,training
F014/T8/002.jpg,training
F014/T8/014.jpg,training
F014/T8/020.jpg,training
F014/T8/032.jpg,training
F014/T8/042.jpg,training
F014/T8/053.jpg,training
F014/T8/061.jpg,training
F014/T8/069.jpg,training
F014/T8/070.jpg,training
F014/T8/078.jpg,training
F014/T8/079.jpg,training
F014/T8/091.jpg,training
F014/T8/094.jpg,training
F014/T8/101.jpg,training
F014/T8/116.jpg,training
F014/T8/124.jpg,training
F014/T8/145.jpg,training
F014/T8/159.jpg,training
F014/T8/160.jpg,training
F014/T8/170.jpg,training
F014/T8/171.jpg,training
F014/T8/177.jpg,training
F014/T8/184.jpg,training
F014/T8/200.jpg,training
F014/T8/203.jpg,training
F014/T8/206.jpg,training
F014/T8/208.jpg,training
F014/T8/243.jpg,training
F015/T1/0690.jpg,training
F015/T1/0699.jpg,training
F015/T1/0703.jpg,training
F015/T1/0714.jpg,training
F015/T1/0732.jpg,training
F015/T1/0782.jpg,training
F015/T1/0795.jpg,training
F015/T1/0880.jpg,training
F015/T1/0892.jpg,training
F015/T1/0910.jpg,training
F015/T1/0928.jpg,training
F015/T1/0930.jpg,training
F015/T1/0946.jpg,training
F015/T1/0949.jpg,training
F015/T1/0953.jpg,training
F015/T1/0958.jpg,training
F015/T1/1008.jpg,training
F015/T1/1066.jpg,training
F015/T1/1068.jpg,training
F015/T1/1075.jpg,training
F015/T1/1090.jpg,training
F015/T1/1116.jpg,training
F015/T1/1123.jpg,training
F015/T1/1124.jpg,training
F015/T1/1136.jpg,training
F015/T1/1165.jpg,training
F015/T2/1146.jpg,training
F015/T2/1170.jpg,training
F015/T2/1173.jpg,training
F015/T2/1187.jpg,training
F015/T2/1298.jpg,training
F015/T2/1310.jpg,training
F015/T2/1324.jpg,training
F015/T2/1325.jpg,training
F015/T2/1343.jpg,training
F015/T2/1359.jpg,training
F015/T2/1361.jpg,training
F015/T2/1404.jpg,training
F015/T2/1410.jpg,training
F015/T2/1435.jpg,training
F015/T2/1451.jpg,training
F015/T2/1462.jpg,training
F015/T2/1470.jpg,training
F015/T2/1489.jpg,training
F015/T2/1502.jpg,training
F015/T2/1513.jpg,training
F015/T2/1521.jpg,training
F015/T2/1569.jpg,training
F015/T3/002.jpg,training
F015/T3/003.jpg,training
F015/T3/010.jpg,training
F015/T3/014.jpg,training
F015/T3/019.jpg,training
F015/T3/023.jpg,training
F015/T3/052.jpg,training
F015/T3/070.jpg,training
F015/T3/087.jpg,training
F015/T3/091.jpg,training
F015/T3/092.jpg,training
F015/T3/096.jpg,training
F015/T3/104.jpg,training
F015/T3/106.jpg,training
F015/T3/120.jpg,training
F015/T3/134.jpg,training
F015/T3/162.jpg,training
F015/T3/185.jpg,training
F015/T3/202.jpg,training
F015/T3/204.jpg,training
F015/T3/211.jpg,training
F015/T3/255.jpg,training
F015/T3/279.jpg,training
F015/T3/291.jpg,training
F015/T3/305.jpg,training
F015/T3/313.jpg,training
F015/T3/317.jpg,training
F015/T4/1773.jpg,training
F015/T4/1797.jpg,training
F015/T4/1847.jpg,training
F015/T4/1849.jpg,training
F015/T4/1857.jpg,training
F015/T4/1890.jpg,training
F015/T4/1891.jpg,training
F015/T4/1906.jpg,training
F015/T4/1914.jpg,training
F015/T4/1917.jpg,training
F015/T4/1932.jpg,training
F015/T4/1970.jpg,training
F015/T4/2012.jpg,training
F015/T4/2030.jpg,training
F015/T4/2032.jpg,training
F015/T4/2062.jpg,training
F015/T4/2067.jpg,training
F015/T4/2073.jpg,training
F015/T4/2074.jpg,training
F015/T4/2088.jpg,training
F015/T4/2096.jpg,training
F015/T4/2102.jpg,training
F015/T4/2116.jpg,training
F015/T4/2120.jpg,training
F015/T4/2141.jpg,training
F015/T4/2143.jpg,training
F015/T4/2164.jpg,training
F015/T4/2185.jpg,training
F015/T4/2192.jpg,training
F015/T4/2226.jpg,training
F015/T4/2246.jpg,training
F015/T5/0004.jpg,training
F015/T5/0040.jpg,training
F015/T5/0041.jpg,training
F015/T5/0053.jpg,training
F015/T5/0056.jpg,training
F015/T5/0062.jpg,training
F015/T5/0074.jpg,training
F015/T5/0078.jpg,training
F015/T5/0082.jpg,training
F015/T5/0085.jpg,training
F015/T5/0088.jpg,training
F015/T5/0102.jpg,training
F015/T5/0130.jpg,training
F015/T5/0157.jpg,training
F015/T5/0271.jpg,training
F015/T5/0275.jpg,training
F015/T5/0286.jpg,training
F015/T5/0289.jpg,training
F015/T5/0319.jpg,training
F015/T5/0362.jpg,training
F015/T5/0367.jpg,training
F015/T5/0410.jpg,training
F015/T5/0420.jpg,training
F015/T5/0426.jpg,training
F015/T5/0444.jpg,training
F015/T5/0473.jpg,training
F015/T5/0476.jpg,training
F015/T5/0482.jpg,training
F015/T5/0498.jpg,training
F015/T6/1024.jpg,training
F015/T6/1041.jpg,training
F015/T6/1048.jpg,training
F015/T6/1061.jpg,training
F015/T6/1069.jpg,training
F015/T6/1071.jpg,training
F015/T6/1122.jpg,training
F015/T6/1160.jpg,training
F015/T6/1174.jpg,training
F015/T6/1192.jpg,training
F015/T6/1200.jpg,training
F015/T6/1237.jpg,training
F015/T6/1238.jpg,training
F015/T6/1255.jpg,training
F015/T6/1272.jpg,training
F015/T6/1278.jpg,training
F015/T6/1293.jpg,training
F015/T6/1303.jpg,training
F015/T6/1304.jpg,training
F015/T6/1321.jpg,training
F015/T6/1329.jpg,training
F015/T6/1357.jpg,training
F015/T6/1417.jpg,training
F015/T6/1437.jpg,training
F015/T6/1449.jpg,training
F015/T6/1468.jpg,training
F015/T6/1487.jpg,training
F015/T6/1489.jpg,training
F015/T7/1041.jpg,training
F015/T7/1081.jpg,training
F015/T7/1092.jpg,training
F015/T7/1109.jpg,training
F015/T7/1134.jpg,training
F015/T7/1160.jpg,training
F015/T7/1167.jpg,training
F015/T7/1188.jpg,training
F015/T7/1201.jpg,training
F015/T7/1218.jpg,training
F015/T7/1237.jpg,training
F015/T7/1245.jpg,training
F015/T7/1247.jpg,training
F015/T7/1259.jpg,training
F015/T7/1282.jpg,training
F015/T7/1309.jpg,training
F015/T7/1343.jpg,training
F015/T7/1368.jpg,training
F015/T7/1369.jpg,training
F015/T7/1385.jpg,training
F015/T7/1399.jpg,training
F015/T7/1423.jpg,training
F015/T7/1462.jpg,training
F015/T7/1465.jpg,training
F015/T8/001.jpg,training
F015/T8/003.jpg,training
F015/T8/009.jpg,training
F015/T8/011.jpg,training
F015/T8/013.jpg,training
F015/T8/015.jpg,training
F015/T8/023.jpg,training
F015/T8/028.jpg,training
F015/T8/029.jpg,training
F015/T8/030.jpg,training
F015/T8/033.jpg,training
F015/T8/038.jpg,training
F015/T8/043.jpg,training
F015/T8/044.jpg,training
F015/T8/055.jpg,training
F015/T8/070.jpg,training
F015/T8/078.jpg,training
F015/T8/093.jpg,training
F015/T8/094.jpg,training
F015/T8/101.jpg,training
F015/T8/103.jpg,training
F015/T8/106.jpg,training
F015/T8/122.jpg,training
F015/T8/123.jpg,training
F015/T8/124.jpg,training
F015/T8/127.jpg,training
F015/T8/136.jpg,training
F015/T8/157.jpg,training
F015/T8/160.jpg,training
F015/T8/162.jpg,training
F021/T1/003.jpg,training
F021/T1/076.jpg,training
F021/T1/079.jpg,training
F021/T1/129.jpg,training
F021/T1/158.jpg,training
F021/T1/171.jpg,training
F021/T1/181.jpg,training
F021/T1/212.jpg,training
F021/T1/224.jpg,training
F021/T1/228.jpg,training
F021/T1/237.jpg,training
F021/T1/257.jpg,training
F021/T1/260.jpg,training
F021/T1/270.jpg,training
F021/T1/280.jpg,training
F021/T1/294.jpg,training
F021/T1/298.jpg,training
F021/T1/314.jpg,training
F021/T1/328.jpg,training
F021/T1/341.jpg,training
F021/T1/371.jpg,training
F021/T1/420.jpg,training
F021/T1/427.jpg,training
F021/T1/453.jpg,training
F021/T1/483.jpg,training
F021/T1/494.jpg,training
F021/T2/1048.jpg,training
F021/T2/1075.jpg,training
F021/T2/1097.jpg,training
F021/T2/1116.jpg,training
F021/T2/1118.jpg,training
F021/T2/1137.jpg,training
F021/T2/1147.jpg,training
F021/T2/1167.jpg,training
F021/T2/1184.jpg,training
F021/T2/1203.jpg,training
F021/T2/1210.jpg,training
F021/T2/1227.jpg,training
F021/T2/1276.jpg,training
F021/T2/1291.jpg,training
F021/T2/1296.jpg,training
F021/T2/1302.jpg,training
F021/T2/1305.jpg,training
F021/T2/1314.jpg,training
F021/T2/1353.jpg,training
F021/T2/1365.jpg,training
F021/T2/1391.jpg,training
F021/T2/1392.jpg,training
F021/T2/1423.jpg,training
F021/T2/1426.jpg,training
F021/T2/1439.jpg,training
F021/T2/1443.jpg,training
F021/T2/1461.jpg,training
F021/T2/1504.jpg,training
F021/T3/007.jpg,training
F021/T3/011.jpg,training
F021/T3/014.jpg,training
F021/T3/018.jpg,training
F021/T3/020.jpg,training
F021/T3/028.jpg,training
F021/T3/029.jpg,training
F021/T3/032.jpg,training
F021/T3/033.jpg,training
F021/T3/041.jpg,training
F021/T3/071.jpg,training
F021/T3/072.jpg,training
F021/T3/078.jpg,training
F021/T3/080.jpg,training
F021/T3/081.jpg,training
F021/T3/106.jpg,training
F021/T3/108.jpg,training
F021/T3/128.jpg,training
F021/T3/131.jpg,training
F021/T3/135.jpg,training
F021/T3/148.jpg,training
F021/T3/156.jpg,training
F021/T3/178.jpg,training
F021/T3/181.jpg,training
F021/T3/182.jpg,training
F021/T3/208.jpg,training
F021/T3/213.jpg,training
F021/T4/0216.jpg,training
F021/T4/0224.jpg,training
F021/T4/0244.jpg,training
F021/T4/0253.jpg,training
F021/T4/0272.jpg,training
F021/T4/0283.jpg,training
F021/T4/0288.jpg,training
F021/T4/0322.jpg,training
F021/T4/0331.jpg,training
F021/T4/0335.jpg,training
F021/T4/0340.jpg,training
F021/T4/0351.jpg,training
F021/T4/0358.jpg,training
F021/T4/0367.jpg,training
F021/T4/0368.jpg,training
F021/T4/0379.jpg,training
F021/T4/0382.jpg,training
F021/T4/0384.jpg,training
F021/T4/0391.jpg,training
F021/T4/0402.jpg,training
F021/T4/0410.jpg,training
F021/T4/0554.jpg,training
F021/T4/0561.jpg,training
F021/T4/0597.jpg,training
F021/T4/0607.jpg,training
F021/T4/0608.jpg,training
F021/T4/0641.jpg,training
F021/T4/0656.jpg,training
F021/T4/0658.jpg,training
F021/T4/0681.jpg,training
F021/T5/446.jpg,training
F021/T5/454.jpg,training
F021/T5/455.jpg,training
F021/T5/480.jpg,training
F021/T5/497.jpg,training
F021/T5/531.jpg,training
F021/T5/545.jpg,training
F021/T5/547.jpg,training
F021/T5/576.jpg,training
F021/T5/582.jpg,training
F021/T5/622.jpg,training
F021/T5/649.jpg,training
F021/T5/668.jpg,training
F021/T5/712.jpg,training
F021/T5/716.jpg,training
F021/T5/718.jpg,training
F021/T5/721.jpg,training
F021/T5/741.jpg,training
F021/T5/807.jpg,training
F021/T5/811.jpg,training
F021/T5/832.jpg,training
F021/T5/835.jpg,training
F021/T5/904.jpg,training
F021/T5/910.jpg,training
F021/T5/920.jpg,training
F021/T5/921.jpg,training
F021/T6/010.jpg,training
F021/T6/012.jpg,training
F021/T6/023.jpg,training
F021/T6/027.jpg,training
F021/T6/036.jpg,training
F021/T6/038.jpg,training
F021/T6/045.jpg,training
F021/T6/047.jpg,training
F021/T6/074.jpg,training
F021/T6/075.jpg,training
F021/T6/083.jpg,training
F021/T6/088.jpg,training
F021/T6/125.jpg,training
F021/T6/156.jpg,training
F021/T6/164.jpg,training
F021/T6/166.jpg,training
F021/T6/181.jpg,training
F021/T6/182.jpg,training
F021/T6/201.jpg,training
F021/T6/219.jpg,training
F021/T6/235.jpg,training
F021/T6/260.jpg,training
F021/T6/266.jpg,training
F021/T6/268.jpg,training
F021/T6/275.jpg,training
F021/T6/297.jpg,training
F021/T6/315.jpg,training
F021/T6/321.jpg,training
F021/T6/323.jpg,training
F021/T7/1093.jpg,training
F021/T7/1103.jpg,training
F021/T7/1106.jpg,training
F021/T7/1110.jpg,training
F021/T7/1151.jpg,training
F021/T7/1179.jpg,training
F021/T7/1233.jpg,training
F021/T7/1240.jpg,training
F021/T7/1250.jpg,training
F021/T7/1356.jpg,training
F021/T7/1374.jpg,training
F021/T7/1393.jpg,training
F021/T7/1396.jpg,training
F021/T7/1410.jpg,training
F021/T7/1436.jpg,training
F021/T7/1439.jpg,training
F021/T7/1444.jpg,training
F021/T7/1449.jpg,training
F021/T7/1463.jpg,training
F021/T7/1479.jpg,training
F021/T7/1517.jpg,training
F021/T7/1537.jpg,training
F021/T7/1542.jpg,training
F021/T7/1551.jpg,training
F021/T7/1555.jpg,training
F021/T7/1569.jpg,training
F021/T8/003.jpg,training
F021/T8/019.jpg,training
F021/T8/020.jpg,training
F021/T8/032.jpg,training
F021/T8/099.jpg,training
F021/T8/106.jpg,training
F021/T8/118.jpg,training
F021/T8/168.jpg,training
F021/T8/170.jpg,training
F021/T8/191.jpg,training
F021/T8/224.jpg,training
F021/T8/256.jpg,training
F021/T8/299.jpg,training
F021/T8/300.jpg,training
F021/T8/320.jpg,training
F021/T8/330.jpg,training
F021/T8/351.jpg,training
F021/T8/361.jpg,training
F021/T8/380.jpg,training
F021/T8/384.jpg,training
F021/T8/388.jpg,training
F021/T8/397.jpg,training
F021/T8/399.jpg,training
F021/T8/400.jpg,training
F021/T8/402.jpg,training
F021/T8/410.jpg,training
M005/T1/499.jpg,training
M005/T1/532.jpg,training
M005/T1/548.jpg,training
M005/T1/586.jpg,training
M005/T1/589.jpg,training
M005/T1/619.jpg,training
M005/T1/621.jpg,training
M005/T1/636.jpg,training
M005/T1/637.jpg,training
M005/T1/650.jpg,training
M005/T1/663.jpg,training
M005/T1/668.jpg,training
M005/T1/671.jpg,training
M005/T1/706.jpg,training
M005/T1/707.jpg,training
M005/T1/715.jpg,training
M005/T1/721.jpg,training
M005/T1/734.jpg,training
M005/T1/756.jpg,training
M005/T1/780.jpg,training
M005/T1/795.jpg,training
M005/T1/801.jpg,training
M005/T1/817.jpg,training
M005/T1/831.jpg,training
M005/T1/888.jpg,training
M005/T1/889.jpg,training
M005/T2/1030.jpg,training
M005/T2/1041.jpg,training
M005/T2/1045.jpg,training
M005/T2/1055.jpg,training
M005/T2/1078.jpg,training
M005/T2/1120.jpg,training
M005/T2/1144.jpg,training
M005/T2/1156.jpg,training
M005/T2/1169.jpg,training
M005/T2/1193.jpg,training
M005/T2/1199.jpg,training
M005/T2/1223.jpg,training
M005/T2/1271.jpg,training
M005/T2/1272.jpg,training
M005/T2/1297.jpg,training
M005/T2/1300.jpg,training
M005/T2/1312.jpg,training
M005/T2/1316.jpg,training
M005/T2/1319.jpg,training
M005/T2/1336.jpg,training
M005/T2/1366.jpg,training
M005/T2/1371.jpg,training
M005/T2/1400.jpg,training
M005/T2/1420.jpg,training
M005/T2/1456.jpg,training
M005/T2/1470.jpg,training
M005/T2/1473.jpg,training
M005/T2/1538.jpg,training
M005/T2/1548.jpg,training
M005/T2/1590.jpg,training
M005/T3/002.jpg,training
M005/T3/015.jpg,training
M005/T3/023.jpg,training
M005/T3/041.jpg,training
M005/T3/052.jpg,training
M005/T3/056.jpg,training
M005/T3/059.jpg,training
M005/T3/073.jpg,training
M005/T3/074.jpg,training
M005/T3/076.jpg,training
M005/T3/083.jpg,training
M005/T3/084.jpg,training
M005/T3/086.jpg,training
M005/T3/088.jpg,training
M005/T3/099.jpg,training
M005/T3/108.jpg,training
M005/T3/111.jpg,training
M005/T3/114.jpg,training
M005/T3/119.jpg,training
M005/T3/120.jpg,training
M005/T3/127.jpg,training
M005/T3/138.jpg,training
M005/T3/149.jpg,training
M005/T3/166.jpg,training
M005/T3/178.jpg,training
M005/T3/188.jpg,training
M005/T3/217.jpg,training
M005/T3/225.jpg,training
M005/T4/0344.jpg,training
M005/T4/0349.jpg,training
M005/T4/0353.jpg,training
M005/T4/0361.jpg,training
M005/T4/0380.jpg,training
M005/T4/0382.jpg,training
M005/T4/0398.jpg,training
M005/T4/0415.jpg,training
M005/T4/0416.jpg,training
M005/T4/0419.jpg,training
M005/T4/0420.jpg,training
M005/T4/0441.jpg,training
M005/T4/0448.jpg,training
M005/T4/0466.jpg,training
M005/T4/0490.jpg,training
M005/T4/0492.jpg,training
M005/T4/0510.jpg,training
M005/T4/0547.jpg,training
M005/T4/0570.jpg,training
M005/T4/0574.jpg,training
M005/T4/0599.jpg,training
M005/T4/0619.jpg,training
M005/T4/0632.jpg,training
M005/T4/0649.jpg,training
M005/T4/0674.jpg,training
M005/T4/0695.jpg,training
M005/T4/0701.jpg,training
M005/T4/0723.jpg,training
M005/T5/0008.jpg,training
M005/T5/0034.jpg,training
M005/T5/0042.jpg,training
M005/T5/0043.jpg,training
M005/T5/0059.jpg,training
M005/T5/0107.jpg,training
M005/T5/0180.jpg,training
M005/T5/0183.jpg,training
M005/T5/0262.jpg,training
M005/T5/0269.jpg,training
M005/T5/0292.jpg,training
M005/T5/0313.jpg,training
M005/T5/0346.jpg,training
M005/T5/0355.jpg,training
M005/T5/0362.jpg,training
M005/T5/0419.jpg,training
M005/T5/0451.jpg,training
M005/T5/0454.jpg,training
M005/T5/0462.jpg,training
M005/T5/0475.jpg,training
M005/T5/0481.jpg,training
M005/T5/0486.jpg,training
M005/T5/0487.jpg,training
M005/T5/0497.jpg,training
M005/T5/0500.jpg,training
M005/T5/0503.jpg,training
M005/T5/0507.jpg,training
M005/T6/205.jpg,training
M005/T6/227.jpg,training
M005/T6/235.jpg,training
M005/T6/248.jpg,training
M005/T6/322.jpg,training
M005/T6/336.jpg,training
M005/T6/350.jpg,training
M005/T6/351.jpg,training
M005/T6/358.jpg,training
M005/T6/383.jpg,training
M005/T6/396.jpg,training
M005/T6/430.jpg,training
M005/T6/440.jpg,training
M005/T6/441.jpg,training
M005/T6/489.jpg,training
M005/T6/491.jpg,training
M005/T6/502.jpg,training
M005/T6/541.jpg,training
M005/T6/547.jpg,training
M005/T6/570.jpg,training
M005/T6/571.jpg,training
M005/T6/595.jpg,training
M005/T6/617.jpg,training
M005/T6/620.jpg,training
M005/T6/652.jpg,training
M005/T6/653.jpg,training
M005/T6/657.jpg,training
M005/T6/663.jpg,training
M005/T7/1100.jpg,training
M005/T7/1115.jpg,training
M005/T7/1120.jpg,training
M005/T7/1136.jpg,training
M005/T7/1166.jpg,training
M005/T7/1191.jpg,training
M005/T7/1197.jpg,training
M005/T7/1199.jpg,training
M005/T7/1232.jpg,training
M005/T7/1261.jpg,training
M005/T7/1284.jpg,training
M005/T7/1307.jpg,training
M005/T7/1333.jpg,training
M005/T7/1352.jpg,training
M005/T7/1359.jpg,training
M005/T7/1372.jpg,training
M005/T7/1420.jpg,training
M005/T7/1430.jpg,training
M005/T7/1439.jpg,training
M005/T7/1447.jpg,training
M005/T7/1456.jpg,training
M005/T7/1461.jpg,training
M005/T7/1490.jpg,training
M005/T7/1503.jpg,training
M005/T7/1530.jpg,training
M005/T7/1540.jpg,training
M005/T7/1541.jpg,training
M005/T7/1561.jpg,training
M005/T7/1563.jpg,training
M005/T8/01.jpg,training
M005/T8/03.jpg,training
M005/T8/07.jpg,training
M005/T8/12.jpg,training
M005/T8/17.jpg,training
M005/T8/20.jpg,training
M005/T8/28.jpg,training
M005/T8/30.jpg,training
M005/T8/31.jpg,training
M005/T8/34.jpg,training
M005/T8/36.jpg,training
M005/T8/38.jpg,training
M005/T8/42.jpg,training
M005/T8/46.jpg,training
M005/T8/49.jpg,training
M005/T8/50.jpg,training
M005/T8/51.jpg,training
M005/T8/53.jpg,training
M005/T8/57.jpg,training
M005/T8/58.jpg,training
M005/T8/64.jpg,training
M005/T8/66.jpg,training
M005/T8/68.jpg,training
M005/T8/72.jpg,training
M005/T8/74.jpg,training
M005/T8/76.jpg,training
M005/T8/80.jpg,training
M005/T8/89.jpg,training
M008/T1/226.jpg,training
M008/T1/236.jpg,training
M008/T1/254.jpg,training
M008/T1/277.jpg,training
M008/T1/284.jpg,training
M008/T1/290.jpg,training
M008/T1/311.jpg,training
M008/T1/313.jpg,training
M008/T1/372.jpg,training
M008/T1/387.jpg,training
M008/T1/395.jpg,training
M008/T1/412.jpg,training
M008/T1/421.jpg,training
M008/T1/425.jpg,training
M008/T1/438.jpg,training
M008/T1/445.jpg,training
M008/T1/453.jpg,training
M008/T1/486.jpg,training
M008/T1/495.jpg,training
M008/T1/534.jpg,training
M008/T1/550.jpg,training
M008/T1/563.jpg,training
M008/T1/570.jpg,training
M008/T1/574.jpg,training
M008/T1/577.jpg,training
M008/T1/583.jpg,training
M008/T1/590.jpg,training
M008/T1/617.jpg,training
M008/T1/635.jpg,training
M008/T2/0231.jpg,training
M008/T2/0232.jpg,training
M008/T2/0237.jpg,training
M008/T2/0265.jpg,training
M008/T2/0271.jpg,training
M008/T2/0279.jpg,training
M008/T2/0280.jpg,training
M008/T2/0390.jpg,training
M008/T2/0395.jpg,training
M008/T2/0400.jpg,training
M008/T2/0432.jpg,training
M008/T2/0437.jpg,training
M008/T2/0458.jpg,training
M008/T2/0472.jpg,training
M008/T2/0485.jpg,training
M008/T2/0491.jpg,training
M008/T2/0494.jpg,training
M008/T2/0536.jpg,training
M008/T2/0544.jpg,training
M008/T2/0548.jpg,training
M008/T2/0552.jpg,training
M008/T2/0561.jpg,training
M008/T2/0602.jpg,training
M008/T2/0610.jpg,training
M008/T2/0646.jpg,training
M008/T2/0652.jpg,training
M008/T2/0703.jpg,training
M008/T3/011.jpg,training
M008/T3/026.jpg,training
M008/T3/040.jpg,training
M008/T3/048.jpg,training
M008/T3/052.jpg,training
M008/T3/068.jpg,training
M008/T3/072.jpg,training
M008/T3/101.jpg,training
M008/T3/104.jpg,training
M008/T3/108.jpg,training
M008/T3/109.jpg,training
M008/T3/118.jpg,training
M008/T3/156.jpg,training
M008/T3/164.jpg,training
M008/T3/167.jpg,training
M008/T3/171.jpg,training
M008/T3/178.jpg,training
M008/T3/179.jpg,training
M008/T3/186.jpg,training
M008/T3/201.jpg,training
M008/T3/222.jpg,training
M008/T3/227.jpg,training
M008/T3/230.jpg,training
M008/T3/235.jpg,training
M008/T3/272.jpg,training
M008/T4/0010.jpg,training
M008/T4/0055.jpg,training
M008/T4/0061.jpg,training
M008/T4/0076.jpg,training
M008/T4/0090.jpg,training
M008/T4/0091.jpg,training
M008/T4/0093.jpg,training
M008/T4/0097.jpg,training
M008/T4/0108.jpg,training
M008/T4/0110.jpg,training
M008/T4/0115.jpg,training
M008/T4/0141.jpg,training
M008/T4/0149.jpg,training
M008/T4/0151.jpg,training
M008/T4/0172.jpg,training
M008/T4/0198.jpg,training
M008/T4/0227.jpg,training
M008/T4/0243.jpg,training
M008/T4/0244.jpg,training
M008/T4/0245.jpg,training
M008/T4/0266.jpg,training
M008/T4/0287.jpg,training
M008/T4/0291.jpg,training
M008/T4/0300.jpg,training
M008/T4/0324.jpg,training
M008/T4/0352.jpg,training
M008/T4/0404.jpg,training
M008/T4/0433.jpg,training
M008/T4/0460.jpg,training
M008/T4/0461.jpg,training
M008/T4/0488.jpg,training
M008/T5/0876.jpg,training
M008/T5/0877.jpg,training
M008/T5/0881.jpg,training
M008/T5/0925.jpg,training
M008/T5/0930.jpg,training
M008/T5/0972.jpg,training
M008/T5/0978.jpg,training
M008/T5/0997.jpg,training
M008/T5/1004.jpg,training
M008/T5/1009.jpg,training
M008/T5/1010.jpg,training
M008/T5/1017.jpg,training
M008/T5/1021.jpg,training
M008/T5/1043.jpg,training
M008/T5/1047.jpg,training
M008/T5/1056.jpg,training
M008/T5/1066.jpg,training
M008/T5/1134.jpg,training
M008/T5/1145.jpg,training
M008/T5/1157.jpg,training
M008/T5/1198.jpg,training
M008/T5/1220.jpg,training
M008/T5/1251.jpg,training
M008/T5/1253.jpg,training
M008/T5/1296.jpg,training
M008/T5/1319.jpg,training
M008/T5/1366.jpg,training
M008/T6/0069.jpg,training
M008/T6/0080.jpg,training
M008/T6/0083.jpg,training
M008/T6/0094.jpg,training
M008/T6/0129.jpg,training
M008/T6/0147.jpg,training
M008/T6/0185.jpg,training
M008/T6/0214.jpg,training
M008/T6/0228.jpg,training
M008/T6/0234.jpg,training
M008/T6/0272.jpg,training
M008/T6/0292.jpg,training
M008/T6/0301.jpg,training
M008/T6/0326.jpg,training
M008/T6/0329.jpg,training
M008/T6/0338.jpg,training
M008/T6/0346.jpg,training
M008/T6/0350.jpg,training
M008/T6/0355.jpg,training
M008/T6/0379.jpg,training
M008/T6/0404.jpg,training
M008/T6/0432.jpg,training
M008/T6/0448.jpg,training
M008/T6/0475.jpg,training
M008/T6/0484.jpg,training
M008/T6/0504.jpg,training
M008/T6/0545.jpg,training
M008/T6/0550.jpg,training
M008/T6/0555.jpg,training
M008/T6/0562.jpg,training
M008/T7/0439.jpg,training
M008/T7/0454.jpg,training
M008/T7/0456.jpg,training
M008/T7/0460.jpg,training
M008/T7/0466.jpg,training
M008/T7/0471.jpg,training
M008/T7/0472.jpg,training
M008/T7/0473.jpg,training
M008/T7/0476.jpg,training
M008/T7/0483.jpg,training
M008/T7/0489.jpg,training
M008/T7/0497.jpg,training
M008/T7/0516.jpg,training
M008/T7/0557.jpg,training
M008/T7/0566.jpg,training
M008/T7/0574.jpg,training
M008/T7/0584.jpg,training
M008/T7/0626.jpg,training
M008/T7/0627.jpg,training
M008/T7/0640.jpg,training
M008/T7/0644.jpg,training
M008/T7/0703.jpg,training
M008/T7/0772.jpg,training
M008/T7/0777.jpg,training
M008/T7/0780.jpg,training
M008/T7/0797.jpg,training
M008/T7/0802.jpg,training
M008/T7/0810.jpg,training
M008/T7/0816.jpg,training
M008/T7/0866.jpg,training
M008/T7/0899.jpg,training
M008/T8/010.jpg,training
M008/T8/012.jpg,training
M008/T8/022.jpg,training
M008/T8/023.jpg,training
M008/T8/033.jpg,training
M008/T8/036.jpg,training
M008/T8/042.jpg,training
M008/T8/043.jpg,training
M008/T8/047.jpg,training
M008/T8/052.jpg,training
M008/T8/054.jpg,training
M008/T8/055.jpg,training
M008/T8/058.jpg,training
M008/T8/060.jpg,training
M008/T8/062.jpg,training
M008/T8/065.jpg,training
M008/T8/068.jpg,training
M008/T8/073.jpg,training
M008/T8/077.jpg,training
M008/T8/080.jpg,training
M008/T8/084.jpg,training
M008/T8/087.jpg,training
M008/T8/088.jpg,training
M008/T8/092.jpg,training
M008/T8/108.jpg,training
M008/T8/109.jpg,training
M008/T8/111.jpg,training
M015/T1/0606.jpg,training
M015/T1/0613.jpg,training
M015/T1/0657.jpg,training
M015/T1/0682.jpg,training
M015/T1/0710.jpg,training
M015/T1/0736.jpg,training
M015/T1/0746.jpg,training
M015/T1/0750.jpg,training
M015/T1/0765.jpg,training
M015/T1/0848.jpg,training
M015/T1/0863.jpg,training
M015/T1/0875.jpg,training
M015/T1/0901.jpg,training
M015/T1/0919.jpg,training
M015/T1/0929.jpg,training
M015/T1/0961.jpg,training
M015/T1/0979.jpg,training
M015/T1/0982.jpg,training
M015/T1/1012.jpg,training
M015/T1/1036.jpg,training
M015/T1/1078.jpg,training
M015/T1/1086.jpg,training
M015/T1/1099.jpg,training
M015/T1/1153.jpg,training
M015/T1/1181.jpg,training
M015/T1/1187.jpg,training
M015/T1/1192.jpg,training
M015/T1/1236.jpg,training
M015/T1/1271.jpg,training
M015/T1/1289.jpg,training
M015/T1/1304.jpg,training
M015/T2/0746.jpg,training
M015/T2/0748.jpg,training
M015/T2/0776.jpg,training
M015/T2/0796.jpg,training
M015/T2/0797.jpg,training
M015/T2/0798.jpg,training
M015/T2/0810.jpg,training
M015/T2/0854.jpg,training
M015/T2/0870.jpg,training
M015/T2/0872.jpg,training
M015/T2/0885.jpg,training
M015/T2/0896.jpg,training
M015/T2/0936.jpg,training
M015/T2/0970.jpg,training
M015/T2/0982.jpg,training
M015/T2/1014.jpg,training
M015/T2/1079.jpg,training
M015/T2/1136.jpg,training
M015/T2/1166.jpg,training
M015/T2/1175.jpg,training
M015/T2/1177.jpg,training
M015/T2/1202.jpg,training
M015/T2/1203.jpg,training
M015/T3/006.jpg,training
M015/T3/008.jpg,training
M015/T3/013.jpg,training
M015/T3/018.jpg,training
M015/T3/022.jpg,training
M015/T3/051.jpg,training
M015/T3/053.jpg,training
M015/T3/062.jpg,training
M015/T3/065.jpg,training
M015/T3/066.jpg,training
M015/T3/076.jpg,training
M015/T3/084.jpg,training
M015/T3/086.jpg,training
M015/T3/094.jpg,training
M015/T3/111.jpg,training
M015/T3/113.jpg,training
M015/T3/116.jpg,training
M015/T3/131.jpg,training
M015/T3/150.jpg,training
M015/T3/157.jpg,training
M015/T3/158.jpg,training
M015/T3/166.jpg,training
M015/T3/196.jpg,training
M015/T3/203.jpg,training
M015/T3/213.jpg,training
M015/T3/216.jpg,training
M015/T3/224.jpg,training
M015/T3/263.jpg,training
M015/T3/271.jpg,training
M015/T3/274.jpg,training
M015/T3/293.jpg,training
M015/T3/295.jpg,training
M015/T3/307.jpg,training
M015/T3/314.jpg,training
M015/T4/0739.jpg,training
M015/T4/0763.jpg,training
M015/T4/0776.jpg,training
M015/T4/0787.jpg,training
M015/T4/0793.jpg,training
M015/T4/0826.jpg,training
M015/T4/0842.jpg,training
M015/T4/0847.jpg,training
M015/T4/0855.jpg,training
M015/T4/0864.jpg,training
M015/T4/0874.jpg,training
M015/T4/0895.jpg,training
M015/T4/0908.jpg,training
M015/T4/0917.jpg,training
M015/T4/0919.jpg,training
M015/T4/0924.jpg,training
M015/T4/0927.jpg,training
M015/T4/0933.jpg,training
M015/T4/0962.jpg,training
M015/T4/0980.jpg,training
M015/T4/0985.jpg,training
M015/T4/1062.jpg,training
M015/T4/1064.jpg,training
M015/T4/1096.jpg,training
M015/T4/1145.jpg,training
M015/T4/1157.jpg,training
M015/T4/1168.jpg,training
M015/T4/1172.jpg,training
M015/T4/1184.jpg,training
M015/T4/1209.jpg,training
M015/T5/0965.jpg,training
M015/T5/0981.jpg,training
M015/T5/0988.jpg,training
M015/T5/0998.jpg,training
M015/T5/1018.jpg,training
M015/T5/1031.jpg,training
M015/T5/1035.jpg,training
M015/T5/1084.jpg,training
M015/T5/1094.jpg,training
M015/T5/1121.jpg,training
M015/T5/1130.jpg,training
M015/T5/1140.jpg,training
M015/T5/1141.jpg,training
M015/T5/1160.jpg,training
M015/T5/1167.jpg,training
M015/T5/1170.jpg,training
M015/T5/1215.jpg,training
M015/T5/1229.jpg,training
M015/T5/1262.jpg,training
M015/T5/1270.jpg,training
M015/T5/1279.jpg,training
M015/T5/1327.jpg,training
M015/T5/1337.jpg,training
M015/T5/1354.jpg,training
M015/T5/1356.jpg,training
M015/T5/1374.jpg,training
M015/T5/1387.jpg,training
M015/T5/1401.jpg,training
M015/T5/1405.jpg,training
M015/T6/005.jpg,training
M015/T6/031.jpg,training
M015/T6/044.jpg,training
M015/T6/047.jpg,training
M015/T6/062.jpg,training
M015/T6/076.jpg,training
M015/T6/089.jpg,training
M015/T6/105.jpg,training
M015/T6/124.jpg,training
M015/T6/131.jpg,training
M015/T6/134.jpg,training
M015/T6/172.jpg,training
M015/T6/198.jpg,training
M015/T6/237.jpg,training
M015/T6/240.jpg,training
M015/T6/241.jpg,training
M015/T6/257.jpg,training
M015/T6/273.jpg,training
M015/T6/280.jpg,training
M015/T6/293.jpg,training
M015/T6/297.jpg,training
M015/T6/301.jpg,training
M015/T6/320.jpg,training
F002/T1/0099.jpg,test
F002/T1/0168.jpg,test
F002/T1/0316.jpg,test
F002/T1/0338.jpg,test
F002/T1/0399.jpg,test
F002/T2/0030.jpg,test
F002/T2/0047.jpg,test
F002/T2/0078.jpg,test
F002/T2/0194.jpg,test
F002/T2/0314.jpg,test
F002/T2/0388.jpg,test
F002/T2/0410.jpg,test
F002/T2/0494.jpg,test
F002/T3/032.jpg,test
F002/T3/075.jpg,test
F002/T3/099.jpg,test
F002/T3/101.jpg,test
F002/T3/143.jpg,test
F002/T3/164.jpg,test
F002/T3/181.jpg,test
F002/T3/240.jpg,test
F002/T4/1602.jpg,test
F002/T4/1743.jpg,test
F002/T4/1750.jpg,test
F002/T4/1796.jpg,test
F002/T4/1892.jpg,test
F002/T5/0704.jpg,test
F002/T5/0830.jpg,test
F002/T5/0850.jpg,test
F002/T5/0910.jpg,test
F002/T5/1053.jpg,test
F002/T5/1146.jpg,test
F002/T5/1151.jpg,test
F002/T6/0003.jpg,test
F002/T6/0040.jpg,test
F002/T6/0164.jpg,test
F002/T6/0258.jpg,test
F002/T6/0265.jpg,test
F002/T6/0332.jpg,test
F002/T6/0445.jpg,test
F002/T6/0490.jpg,test
F002/T6/0491.jpg,test
F002/T7/0692.jpg,test
F002/T7/1156.jpg,test
F002/T7/1182.jpg,test
F002/T7/1223.jpg,test
F002/T8/0852.jpg,test
F002/T8/0897.jpg,test
F002/T8/0948.jpg,test
F002/T8/1091.jpg,test
F002/T8/1095.jpg,test
F002/T8/1114.jpg,test
F003/T1/0755.jpg,test
F003/T1/0760.jpg,test
F003/T1/0874.jpg,test
F003/T1/0943.jpg,test
F003/T1/0961.jpg,test
F003/T1/0995.jpg,test
F003/T1/1048.jpg,test
F003/T1/1177.jpg,test
F003/T2/1166.jpg,test
F003/T2/1180.jpg,test
F003/T2/1201.jpg,test
F003/T2/1400.jpg,test
F003/T2/1474.jpg,test
F003/T3/008.jpg,test
F003/T3/009.jpg,test
F003/T3/031.jpg,test
F003/T3/066.jpg,test
F003/T3/084.jpg,test
F003/T3/099.jpg,test
F003/T3/116.jpg,test
F003/T3/127.jpg,test
F003/T3/187.jpg,test
F003/T3/221.jpg,test
F003/T3/226.jpg,test
F003/T4/0507.jpg,test
F003/T4/0696.jpg,test
F003/T4/0721.jpg,test
F003/T4/0732.jpg,test
F003/T4/0760.jpg,test
F003/T4/0894.jpg,test
F003/T4/0938.jpg,test
F003/T5/0621.jpg,test
F003/T5/0655.jpg,test
F003/T5/0663.jpg,test
F003/T5/0717.jpg,test
F003/T5/0753.jpg,test
F003/T5/0958.jpg,test
F003/T5/0977.jpg,test
F003/T5/1019.jpg,test
F003/T6/018.jpg,test
F003/T6/030.jpg,test
F003/T6/036.jpg,test
F003/T6/037.jpg,test
F003/T6/146.jpg,test
F003/T7/0220.jpg,test
F003/T7/0221.jpg,test
F003/T7/0289.jpg,test
F003/T7/0295.jpg,test
F003/T7/0388.jpg,test
F003/T7/0407.jpg,test
F003/T8/559.jpg,test
F003/T8/588.jpg,test
F003/T8/664.jpg,test
F003/T8/869.jpg,test
F003/T8/883.jpg,test
F005/T1/0890.jpg,test
F005/T1/0932.jpg,test
F005/T1/0944.jpg,test
F005/T1/1008.jpg,test
F005/T1/1104.jpg,test
F005/T1/1290.jpg,test
F005/T1/1314.jpg,test
F005/T1/1325.jpg,test
F005/T1/1334.jpg,test
F005/T1/1369.jpg,test
F005/T2/1105.jpg,test
F005/T2/1141.jpg,test
F005/T2/1248.jpg,test
F005/T2/1305.jpg,test
F005/T2/1382.jpg,test
F005/T2/1478.jpg,test
F005/T2/1510.jpg,test
F005/T2/1540.jpg,test
F005/T2/1569.jpg,test
F005/T3/008.jpg,test
F005/T3/104.jpg,test
F005/T3/116.jpg,test
F005/T3/131.jpg,test
F005/T3/149.jpg,test
F005/T3/287.jpg,test
F005/T4/0759.jpg,test
F005/T4/0761.jpg,test
F005/T4/0784.jpg,test
F005/T4/0864.jpg,test
F005/T4/0869.jpg,test
F005/T4/0928.jpg,test
F005/T4/0941.jpg,test
F005/T4/0981.jpg,test
F005/T4/1111.jpg,test
F005/T5/0844.jpg,test
F005/T5/0877.jpg,test
F005/T5/0882.jpg,test
F005/T5/0896.jpg,test
F005/T5/1018.jpg,test
F005/T5/1090.jpg,test
F005/T5/1184.jpg,test
F005/T5/1196.jpg,test
F005/T5/1244.jpg,test
F005/T5/1287.jpg,test
F005/T5/1288.jpg,test
F005/T5/1289.jpg,test
F005/T6/432.jpg,test
F005/T6/481.jpg,test
F005/T6/511.jpg,test
F005/T6/591.jpg,test
F005/T6/602.jpg,test
F005/T6/717.jpg,test
F005/T6/719.jpg,test
F005/T6/811.jpg,test
F005/T6/822.jpg,test
F005/T7/0334.jpg,test
F005/T7/0522.jpg,test
F005/T7/0678.jpg,test
F005/T7/0729.jpg,test
F005/T7/0737.jpg,test
F005/T8/148.jpg,test
F005/T8/246.jpg,test
F005/T8/264.jpg,test
F005/T8/364.jpg,test
F005/T8/473.jpg,test
F007/T1/0748.jpg,test
F007/T1/0775.jpg,test
F007/T1/0900.jpg,test
F007/T1/0926.jpg,test
F007/T2/0087.jpg,test
F007/T2/0139.jpg,test
F007/T2/0225.jpg,test
F007/T2/0361.jpg,test
F007/T2/0468.jpg,test
F007/T2/0470.jpg,test
F007/T3/091.jpg,test
F007/T3/143.jpg,test
F007/T3/176.jpg,test
F007/T3/261.jpg,test
F007/T4/1198.jpg,test
F007/T4/1302.jpg,test
F007/T4/1443.jpg,test
F007/T4/1558.jpg,test
F007/T5/0077.jpg,test
F007/T5/0099.jpg,test
F007/T5/0174.jpg,test
F007/T5/0264.jpg,test
F007/T5/0313.jpg,test
F007/T5/0314.jpg,test
F007/T5/0505.jpg,test
F007/T5/0524.jpg,test
F007/T6/001.jpg,test
F007/T6/003.jpg,test
F007/T6/021.jpg,test
F007/T6/040.jpg,test
F007/T6/042.jpg,test
F007/T6/043.jpg,test
F007/T6/046.jpg,test
F007/T6/060.jpg,test
F007/T6/083.jpg,test
F007/T6/196.jpg,test
F007/T6/237.jpg,test
F007/T6/304.jpg,test
F007/T7/0960.jpg,test
F007/T7/0975.jpg,test
F007/T7/1048.jpg,test
F007/T7/1068.jpg,test
F007/T7/1103.jpg,test
F007/T7/1194.jpg,test
F007/T7/1207.jpg,test
F007/T8/049.jpg,test
F007/T8/091.jpg,test
F007/T8/112.jpg,test
F007/T8/134.jpg,test
F007/T8/149.jpg,test
F007/T8/152.jpg,test
F009/T1/0572.jpg,test
F009/T1/0663.jpg,test
F009/T1/0992.jpg,test
F009/T2/0013.jpg,test
F009/T2/0037.jpg,test
F009/T2/0102.jpg,test
F009/T2/0219.jpg,test
F009/T2/0235.jpg,test
F009/T2/0366.jpg,test
F009/T2/0458.jpg,test
F009/T3/030.jpg,test
F009/T3/049.jpg,test
F009/T3/143.jpg,test
F009/T3/213.jpg,test
F009/T3/233.jpg,test
F009/T4/0274.jpg,test
F009/T4/0304.jpg,test
F009/T4/0329.jpg,test
F009/T4/0402.jpg,test
F009/T4/0427.jpg,test
F009/T4/0512.jpg,test
F009/T4/0523.jpg,test
F009/T4/0539.jpg,test
F009/T4/0542.jpg,test
F009/T5/0216.jpg,test
F009/T5/0341.jpg,test
F009/T5/0450.jpg,test
F009/T6/0691.jpg,test
F009/T6/0804.jpg,test
F009/T6/0858.jpg,test
F009/T6/0940.jpg,test
F009/T6/1010.jpg,test
F009/T6/1031.jpg,test
F009/T6/1060.jpg,test
F009/T6/1066.jpg,test
F009/T6/1164.jpg,test
F009/T7/1315.jpg,test
F009/T7/1349.jpg,test
F009/T7/1365.jpg,test
F009/T7/1433.jpg,test
F009/T7/1567.jpg,test
F009/T8/002.jpg,test
F009/T8/006.jpg,test
F009/T8/026.jpg,test
F009/T8/034.jpg,test
F009/T8/039.jpg,test
F009/T8/056.jpg,test
F009/T8/062.jpg,test
F009/T8/063.jpg,test
F009/T8/064.jpg,test
F009/T8/077.jpg,test
F009/T8/081.jpg,test
F009/T8/084.jpg,test
F009/T8/088.jpg,test
F009/T8/102.jpg,test
F009/T8/118.jpg,test
F014/T1/0452.jpg,test
F014/T1/0499.jpg,test
F014/T1/0514.jpg,test
F014/T1/0667.jpg,test
F014/T1/0731.jpg,test
F014/T1/0855.jpg,test
F014/T1/0900.jpg,test
F014/T2/0582.jpg,test
F014/T2/0628.jpg,test
F014/T2/0659.jpg,test
F014/T2/0998.jpg,test
F014/T3/115.jpg,test
F014/T3/131.jpg,test
F014/T3/149.jpg,test
F014/T3/160.jpg,test
F014/T3/165.jpg,test
F014/T3/287.jpg,test
F014/T3/288.jpg,test
F014/T3/310.jpg,test
F014/T3/312.jpg,test
F014/T4/034.jpg,test
F014/T4/096.jpg,test
F014/T4/149.jpg,test
F014/T4/193.jpg,test
F014/T4/214.jpg,test
F014/T4/263.jpg,test
F014/T4/281.jpg,test
F014/T4/336.jpg,test
F014/T4/363.jpg,test
F014/T4/469.jpg,test
F014/T5/0584.jpg,test
F014/T5/0865.jpg,test
F014/T5/0893.jpg,test
F014/T5/0962.jpg,test
F014/T6/533.jpg,test
F014/T6/622.jpg,test
F014/T6/644.jpg,test
F014/T6/844.jpg,test
F014/T6/896.jpg,test
F014/T6/937.jpg,test
F014/T7/0626.jpg,test
F014/T7/0746.jpg,test
F014/T7/0768.jpg,test
F014/T7/0856.jpg,test
F014/T7/0951.jpg,test
F014/T7/0964.jpg,test
F014/T7/1006.jpg,test
F014/T7/1116.jpg,test
F014/T7/1117.jpg,test
F014/T7/1119.jpg,test
F014/T8/015.jpg,test
F014/T8/029.jpg,test
F014/T8/033.jpg,test
F014/T8/036.jpg,test
F014/T8/128.jpg,test
F014/T8/132.jpg,test
F014/T8/236.jpg,test
F015/T1/0691.jpg,test
F015/T1/0733.jpg,test
F015/T1/0751.jpg,test
F015/T1/0821.jpg,test
F015/T1/0941.jpg,test
F015/T1/0971.jpg,test
F015/T1/0978.jpg,test
F015/T1/1101.jpg,test
F015/T1/1122.jpg,test
F015/T2/1102.jpg,test
F015/T2/1117.jpg,test
F015/T2/1130.jpg,test
F015/T2/1159.jpg,test
F015/T2/1214.jpg,test
F015/T2/1251.jpg,test
F015/T2/1313.jpg,test
F015/T2/1335.jpg,test
F015/T2/1353.jpg,test
F015/T2/1357.jpg,test
F015/T2/1475.jpg,test
F015/T2/1546.jpg,test
F015/T2/1576.jpg,test
F015/T3/127.jpg,test
F015/T3/150.jpg,test
F015/T3/159.jpg,test
F015/T3/160.jpg,test
F015/T3/190.jpg,test
F015/T3/213.jpg,test
F015/T3/228.jpg,test
F015/T3/264.jpg,test
F015/T4/1975.jpg,test
F015/T4/1992.jpg,test
F015/T4/2126.jpg,test
F015/T4/2156.jpg,test
F015/T5/0055.jpg,test
F015/T5/0077.jpg,test
F015/T5/0211.jpg,test
F015/T5/0214.jpg,test
F015/T5/0392.jpg,test
F015/T5/0418.jpg,test
F015/T6/1019.jpg,test
F015/T6/1052.jpg,test
F015/T6/1138.jpg,test
F015/T6/1202.jpg,test
F015/T6/1334.jpg,test
F015/T6/1439.jpg,test
F015/T6/1475.jpg,test
F015/T7/0987.jpg,test
F015/T7/1072.jpg,test
F015/T7/1112.jpg,test
F015/T7/1166.jpg,test
F015/T7/1194.jpg,test
F015/T7/1210.jpg,test
F015/T7/1276.jpg,test
F015/T7/1374.jpg,test
F015/T7/1406.jpg,test
F015/T7/1407.jpg,test
F015/T7/1448.jpg,test
F015/T8/060.jpg,test
F015/T8/086.jpg,test
F015/T8/100.jpg,test
F015/T8/143.jpg,test
F015/T8/156.jpg,test
F021/T1/074.jpg,test
F021/T1/172.jpg,test
F021/T1/182.jpg,test
F021/T1/190.jpg,test
F021/T1/254.jpg,test
F021/T1/320.jpg,test
F021/T1/357.jpg,test
F021/T1/403.jpg,test
F021/T1/438.jpg,test
F021/T2/1095.jpg,test
F021/T2/1115.jpg,test
F021/T2/1418.jpg,test
F021/T2/1452.jpg,test
F021/T2/1464.jpg,test
F021/T2/1465.jpg,test
F021/T2/1499.jpg,test
F021/T3/037.jpg,test
F021/T3/039.jpg,test
F021/T3/076.jpg,test
F021/T3/094.jpg,test
F021/T3/102.jpg,test
F021/T3/132.jpg,test
F021/T3/137.jpg,test
F021/T3/168.jpg,test
F021/T4/0342.jpg,test
F021/T4/0346.jpg,test
F021/T4/0520.jpg,test
F021/T4/0632.jpg,test
F021/T4/0643.jpg,test
F021/T5/440.jpg,test
F021/T5/585.jpg,test
F021/T5/603.jpg,test
F021/T5/680.jpg,test
F021/T5/695.jpg,test
F021/T5/742.jpg,test
F021/T5/776.jpg,test
F021/T5/800.jpg,test
F021/T5/814.jpg,test
F021/T6/041.jpg,test
F021/T6/059.jpg,test
F021/T6/077.jpg,test
F021/T6/183.jpg,test
F021/T6/273.jpg,test
F021/T6/281.jpg,test
F021/T7/1150.jpg,test
F021/T7/1207.jpg,test
F021/T7/1305.jpg,test
F021/T7/1344.jpg,test
F021/T7/1386.jpg,test
F021/T7/1443.jpg,test
F021/T7/1462.jpg,test
F021/T7/1509.jpg,test
F021/T7/1549.jpg,test
F021/T8/026.jpg,test
F021/T8/040.jpg,test
F021/T8/081.jpg,test
F021/T8/123.jpg,test
F021/T8/148.jpg,test
F021/T8/160.jpg,test
F021/T8/278.jpg,test
F021/T8/311.jpg,test
F021/T8/381.jpg,test
M005/T1/476.jpg,test
M005/T1/477.jpg,test
M005/T1/521.jpg,test
M005/T1/598.jpg,test
M005/T1/653.jpg,test
M005/T1/846.jpg,test
M005/T1/863.jpg,test
M005/T1/872.jpg,test
M005/T1/894.jpg,test
M005/T2/1247.jpg,test
M005/T2/1252.jpg,test
M005/T2/1350.jpg,test
M005/T2/1372.jpg,test
M005/T2/1537.jpg,test
M005/T3/004.jpg,test
M005/T3/060.jpg,test
M005/T3/170.jpg,test
M005/T3/182.jpg,test
M005/T3/187.jpg,test
M005/T3/201.jpg,test
M005/T3/215.jpg,test
M005/T4/0395.jpg,test
M005/T4/0454.jpg,test
M005/T4/0564.jpg,test
M005/T4/0637.jpg,test
M005/T4/0706.jpg,test
M005/T4/0722.jpg,test
M005/T4/0739.jpg,test
M005/T5/0033.jpg,test
M005/T5/0035.jpg,test
M005/T5/0074.jpg,test
M005/T5/0082.jpg,test
M005/T5/0187.jpg,test
M005/T5/0195.jpg,test
M005/T5/0233.jpg,test
M005/T5/0502.jpg,test
M005/T6/292.jpg,test
M005/T6/386.jpg,test
M005/T6/424.jpg,test
M005/T6/438.jpg,test
M005/T6/490.jpg,test
M005/T6/512.jpg,test
M005/T6/582.jpg,test
M005/T7/1071.jpg,test
M005/T7/1157.jpg,test
M005/T7/1175.jpg,test
M005/T7/1178.jpg,test
M005/T7/1376.jpg,test
M005/T7/1526.jpg,test
M005/T8/02.jpg,test
M005/T8/08.jpg,test
M005/T8/32.jpg,test
M005/T8/56.jpg,test
M005/T8/70.jpg,test
M005/T8/75.jpg,test
M005/T8/85.jpg,test
M008/T1/232.jpg,test
M008/T1/318.jpg,test
M008/T1/363.jpg,test
M008/T1/417.jpg,test
M008/T1/442.jpg,test
M008/T1/455.jpg,test
M008/T2/0219.jpg,test
M008/T2/0282.jpg,test
M008/T2/0410.jpg,test
M008/T2/0466.jpg,test
M008/T2/0543.jpg,test
M008/T2/0596.jpg,test
M008/T2/0618.jpg,test
M008/T2/0672.jpg,test
M008/T3/092.jpg,test
M008/T3/138.jpg,test
M008/T3/142.jpg,test
M008/T3/154.jpg,test
M008/T3/183.jpg,test
M008/T3/185.jpg,test
M008/T3/191.jpg,test
M008/T3/240.jpg,test
M008/T3/245.jpg,test
M008/T3/254.jpg,test
M008/T4/0056.jpg,test
M008/T4/0305.jpg,test
M008/T4/0393.jpg,test
M008/T4/0468.jpg,test
M008/T5/0929.jpg,test
M008/T5/0931.jpg,test
M008/T5/1096.jpg,test
M008/T5/1104.jpg,test
M008/T5/1197.jpg,test
M008/T5/1261.jpg,test
M008/T5/1335.jpg,test
M008/T5/1365.jpg,test
M008/T6/0087.jpg,test
M008/T6/0289.jpg,test
M008/T6/0327.jpg,test
M008/T6/0418.jpg,test
M008/T6/0521.jpg,test
M008/T7/0447.jpg,test
M008/T7/0536.jpg,test
M008/T7/0728.jpg,test
M008/T7/0774.jpg,test
M008/T8/008.jpg,test
M008/T8/029.jpg,test
M008/T8/035.jpg,test
M008/T8/044.jpg,test
M008/T8/048.jpg,test
M008/T8/057.jpg,test
M008/T8/064.jpg,test
M008/T8/079.jpg,test
M015/T1/0731.jpg,test
M015/T1/0920.jpg,test
M015/T1/1021.jpg,test
M015/T1/1209.jpg,test
M015/T2/0719.jpg,test
M015/T2/0762.jpg,test
M015/T2/0769.jpg,test
M015/T2/0783.jpg,test
M015/T2/0804.jpg,test
M015/T2/0838.jpg,test
M015/T2/0898.jpg,test
M015/T2/0902.jpg,test
M015/T2/1049.jpg,test
M015/T2/1052.jpg,test
M015/T2/1093.jpg,test
M015/T2/1139.jpg,test
M015/T3/306.jpg,test
M015/T4/0757.jpg,test
M015/T4/0865.jpg,test
M015/T4/0951.jpg,test
M015/T4/0968.jpg,test
M015/T4/1110.jpg,test
M015/T5/1020.jpg,test
M015/T5/1112.jpg,test
M015/T5/1117.jpg,test
M015/T5/1265.jpg,test
M015/T5/1313.jpg,test
M015/T5/1422.jpg,test
M015/T6/163.jpg,test
M015/T6/168.jpg,test
