F001/T1/2529.jpg,training
F001/T1/2559.jpg,training
F001/T1/2572.jpg,training
F001/T1/2582.jpg,training
F001/T1/2626.jpg,training
F001/T1/2636.jpg,training
F001/T1/2722.jpg,training
F001/T1/2786.jpg,training
F001/T1/2844.jpg,training
F001/T2/0975.jpg,training
F001/T2/1000.jpg,training
F001/T2/1054.jpg,training
F001/T2/1103.jpg,training
F001/T2/1205.jpg,training
F001/T2/1255.jpg,training
F001/T3/003.jpg,training
F001/T3/016.jpg,training
F001/T3/035.jpg,training
F001/T3/063.jpg,training
F001/T3/172.jpg,training
F001/T3/211.jpg,training
F001/T3/213.jpg,training
F001/T3/261.jpg,training
F001/T4/0678.jpg,training
F001/T4/0686.jpg,training
F001/T4/0733.jpg,training
F001/T4/0783.jpg,training
F001/T4/0822.jpg,training
F001/T4/0878.jpg,training
F001/T4/0909.jpg,training
F001/T4/0970.jpg,training
F001/T4/1018.jpg,training
F001/T5/0028.jpg,training
F001/T5/0049.jpg,training
F001/T5/0225.jpg,training
F001/T5/0237.jpg,training
F001/T5/0242.jpg,training
F001/T5/0293.jpg,training
F001/T5/0325.jpg,training
F001/T5/0511.jpg,training
F001/T6/027.jpg,training
F001/T6/039.jpg,training
F001/T6/067.jpg,training
F001/T6/218.jpg,training
F001/T6/244.jpg,training
F001/T6/277.jpg,training
F001/T6/424.jpg,training
F001/T6/481.jpg,training
F001/T7/0503.jpg,training
F001/T7/0508.jpg,training
F001/T7/0521.jpg,training
F001/T7/0626.jpg,training
F001/T7/0648.jpg,training
F001/T7/0773.jpg,training
F001/T7/0849.jpg,training
F001/T8/454.jpg,training
F001/T8/576.jpg,training
F001/T8/587.jpg,training
F001/T8/640.jpg,training
F001/T8/653.jpg,training
F001/T8/794.jpg,training
F001/T8/804.jpg,training
F001/T8/882.jpg,training
F002/T1/0015.jpg,training
F002/T1/0074.jpg,training
F002/T1/0105.jpg,training
F002/T1/0255.jpg,training
F002/T1/0406.jpg,training
F002/T1/0415.jpg,training
F002/T1/0433.jpg,training
F002/T1/0503.jpg,training
F002/T2/0029.jpg,training
F002/T2/0107.jpg,training
F002/T2/0113.jpg,training
F002/T2/0331.jpg,training
F002/T2/0332.jpg,training
F002/T2/0351.jpg,training
F002/T2/0356.jpg,training
F002/T2/0546.jpg,training
F002/T3/057.jpg,training
F002/T3/081.jpg,training
F002/T3/115.jpg,training
F002/T3/148.jpg,training
F002/T3/182.jpg,training
F002/T3/193.jpg,training
F002/T3/210.jpg,training
F002/T3/218.jpg,training
F002/T3/243.jpg,training
F002/T4/1472.jpg,training
F002/T4/1628.jpg,training
F002/T4/1634.jpg,training
F002/T4/1705.jpg,training
F002/T4/1932.jpg,training
F002/T4/1935.jpg,training
F002/T4/1936.jpg,training
F002/T4/1974.jpg,training
F002/T5/0669.jpg,training
F002/T5/0689.jpg,training
F002/T5/0835.jpg,training
F002/T5/0928.jpg,training
F002/T5/0940.jpg,training
F002/T5/0970.jpg,training
F002/T5/1035.jpg,training
F002/T5/1038.jpg,training
F002/T5/1045.jpg,training
F002/T6/0039.jpg,training
F002/T6/0100.jpg,training
F002/T6/0136.jpg,training
F002/T6/0199.jpg,training
F002/T6/0353.jpg,training
F002/T6/0392.jpg,training
F002/T6/0430.jpg,training
F002/T6/0521.jpg,training
F002/T7/0864.jpg,training
F002/T7/0999.jpg,training
F002/T7/1031.jpg,training
F002/T7/1061.jpg,training
F002/T7/1111.jpg,training
F002/T7/1227.jpg,training
F002/T8/0822.jpg,training
F002/T8/0837.jpg,training
F002/T8/0853.jpg,training
F002/T8/0874.jpg,training
F002/T8/0962.jpg,training
F002/T8/1014.jpg,training
F002/T8/1018.jpg,training
F002/T8/1033.jpg,training
F003/T1/0715.jpg,training
F003/T1/0752.jpg,training
F003/T1/0816.jpg,training
F003/T1/1072.jpg,training
F003/T1/1097.jpg,training
F003/T1/1117.jpg,training
F003/T1/1177.jpg,training
F003/T2/0977.jpg,training
F003/T2/0982.jpg,training
F003/T2/1053.jpg,training
F003/T2/1079.jpg,training
F003/T2/1352.jpg,training
F003/T2/1421.jpg,training
F003/T2/1484.jpg,training
F003/T3/028.jpg,training
F003/T3/087.jpg,training
F003/T3/102.jpg,training
F003/T3/148.jpg,training
F003/T3/184.jpg,training
F003/T3/210.jpg,training
F003/T3/235.jpg,training
F003/T3/238.jpg,training
F003/T4/0539.jpg,training
F003/T4/0582.jpg,training
F003/T4/0644.jpg,training
F003/T4/0674.jpg,training
F003/T4/0723.jpg,training
F003/T4/0728.jpg,training
F003/T4/0844.jpg,training
F003/T4/0878.jpg,training
F003/T5/0701.jpg,training
F003/T5/0752.jpg,training
F003/T5/0785.jpg,training
F003/T5/0921.jpg,training
F003/T5/0925.jpg,training
F003/T5/0933.jpg,training
F003/T5/0942.jpg,training
F003/T5/1001.jpg,training
F003/T6/011.jpg,training
F003/T6/120.jpg,training
F003/T6/171.jpg,training
F003/T6/172.jpg,training
F003/T6/186.jpg,training
F003/T6/199.jpg,training
F003/T7/0088.jpg,training
F003/T7/0187.jpg,training
F003/T7/0222.jpg,training
F003/T7/0455.jpg,training
F003/T7/0462.jpg,training
F003/T7/0481.jpg,training
F003/T8/520.jpg,training
F003/T8/538.jpg,training
F003/T8/626.jpg,training
F003/T8/692.jpg,training
F003/T8/701.jpg,training
F003/T8/803.jpg,training
F003/T8/813.jpg,training
F003/T8/885.jpg,training
F003/T8/929.jpg,training
F004/T1/0930.jpg,training
F004/T1/0934.jpg,training
F004/T1/1000.jpg,training
F004/T1/1004.jpg,training
F004/T1/1023.jpg,training
F004/T1/1072.jpg,training
F004/T1/1098.jpg,training
F004/T1/1121.jpg,training
F004/T1/1130.jpg,training
F004/T1/1207.jpg,training
F004/T2/1126.jpg,training
F004/T2/1174.jpg,training
F004/T2/1188.jpg,training
F004/T2/1199.jpg,training
F004/T2/1363.jpg,training
F004/T2/1395.jpg,training
F004/T2/1420.jpg,training
F004/T2/1459.jpg,training
F004/T2/1493.jpg,training
F004/T3/073.jpg,training
F004/T3/118.jpg,training
F004/T3/121.jpg,training
F004/T3/131.jpg,training
F004/T3/136.jpg,training
F004/T3/150.jpg,training
F004/T4/1114.jpg,training
F004/T4/1126.jpg,training
F004/T4/1263.jpg,training
F004/T4/1307.jpg,training
F004/T4/1371.jpg,training
F004/T4/1407.jpg,training
F004/T4/1504.jpg,training
F004/T4/1570.jpg,training
F004/T5/0568.jpg,training
F004/T5/0660.jpg,training
F004/T5/0820.jpg,training
F004/T5/0897.jpg,training
F004/T5/0915.jpg,training
F004/T5/1081.jpg,training
F004/T5/1170.jpg,training
F004/T5/1205.jpg,training
F004/T6/0037.jpg,training
F004/T6/0123.jpg,training
F004/T6/0167.jpg,training
F004/T6/0244.jpg,training
F004/T6/0416.jpg,training
F004/T6/0422.jpg,training
F004/T6/0439.jpg,training
F004/T6/0444.jpg,training
F004/T7/1463.jpg,training
F004/T7/1478.jpg,training
F004/T7/1562.jpg,training
F004/T7/1601.jpg,training
F004/T7/1626.jpg,training
F004/T7/1678.jpg,training
F004/T7/1724.jpg,training
F004/T7/1801.jpg,training
F004/T7/1908.jpg,training
F004/T8/094.jpg,training
F004/T8/242.jpg,training
F004/T8/280.jpg,training
F004/T8/338.jpg,training
F004/T8/360.jpg,training
F005/T1/0909.jpg,training
F005/T1/0967.jpg,training
F005/T1/1148.jpg,training
F005/T1/1151.jpg,training
F005/T1/1280.jpg,training
F005/T1/1291.jpg,training
F005/T2/1150.jpg,training
F005/T2/1315.jpg,training
F005/T2/1368.jpg,training
F005/T2/1372.jpg,training
F005/T2/1518.jpg,training
F005/T2/1523.jpg,training
F005/T3/031.jpg,training
F005/T3/097.jpg,training
F005/T3/124.jpg,training
F005/T3/167.jpg,training
F005/T3/173.jpg,training
F005/T3/180.jpg,training
F005/T3/186.jpg,training
F005/T3/202.jpg,training
F005/T3/239.jpg,training
F005/T3/244.jpg,training
F005/T4/0628.jpg,training
F005/T4/0711.jpg,training
F005/T4/0721.jpg,training
F005/T4/0783.jpg,training
F005/T4/0826.jpg,training
F005/T4/1038.jpg,training
F005/T4/1063.jpg,training
F005/T5/0949.jpg,training
F005/T5/0950.jpg,training
F005/T5/0996.jpg,training
F005/T5/1024.jpg,training
F005/T5/1038.jpg,training
F005/T5/1194.jpg,training
F005/T5/1195.jpg,training
F005/T5/1219.jpg,training
F005/T6/319.jpg,training
F005/T6/394.jpg,training
F005/T6/458.jpg,training
F005/T6/488.jpg,training
F005/T6/534.jpg,training
F005/T6/551.jpg,training
F005/T6/730.jpg,training
F005/T6/759.jpg,training
F005/T7/0305.jpg,training
F005/T7/0425.jpg,training
F005/T7/0431.jpg,training
F005/T7/0435.jpg,training
F005/T7/0462.jpg,training
F005/T7/0603.jpg,training
F005/T7/0648.jpg,training
F005/T7/0702.jpg,training
F005/T7/0748.jpg,training
F005/T8/037.jpg,training
F005/T8/084.jpg,training
F005/T8/095.jpg,training
F005/T8/184.jpg,training
F005/T8/216.jpg,training
F005/T8/259.jpg,training
F005/T8/320.jpg,training
F005/T8/427.jpg,training
F005/T8/498.jpg,training
F006/T1/412.jpg,training
F006/T1/423.jpg,training
F006/T1/510.jpg,training
F006/T1/514.jpg,training
F006/T1/515.jpg,training
F006/T1/530.jpg,training
F006/T1/593.jpg,training
F006/T1/658.jpg,training
F006/T1/734.jpg,training
F006/T2/1259.jpg,training
F006/T2/1260.jpg,training
F006/T2/1303.jpg,training
F006/T2/1306.jpg,training
F006/T2/1320.jpg,training
F006/T2/1464.jpg,training
F006/T2/1554.jpg,training
F006/T2/1586.jpg,training
F006/T2/1598.jpg,training
F006/T3/042.jpg,training
F006/T3/072.jpg,training
F006/T3/092.jpg,training
F006/T3/146.jpg,training
F006/T3/187.jpg,training
F006/T3/203.jpg,training
F006/T3/218.jpg,training
F006/T3/315.jpg,training
F006/T3/333.jpg,training
F006/T4/0609.jpg,training
F006/T4/0666.jpg,training
F006/T4/0736.jpg,training
F006/T4/0822.jpg,training
F006/T4/0888.jpg,training
F006/T4/0990.jpg,training
F006/T5/0546.jpg,training
F006/T5/0586.jpg,training
F006/T5/0606.jpg,training
F006/T5/0620.jpg,training
F006/T5/0659.jpg,training
F006/T5/0749.jpg,training
F006/T5/0826.jpg,training
F006/T5/0895.jpg,training
F006/T6/212.jpg,training
F006/T6/391.jpg,training
F006/T6/486.jpg,training
F006/T6/497.jpg,training
F006/T6/588.jpg,training
F006/T6/645.jpg,training
F006/T6/649.jpg,training
F006/T7/0481.jpg,training
F006/T7/0569.jpg,training
F006/T7/0655.jpg,training
F006/T7/0674.jpg,training
F006/T7/0770.jpg,training
F006/T7/0882.jpg,training
F006/T7/0922.jpg,training
F006/T8/018.jpg,training
F006/T8/050.jpg,training
F006/T8/088.jpg,training
F006/T8/160.jpg,training
F006/T8/168.jpg,training
F006/T8/206.jpg,training
F006/T8/231.jpg,training
F006/T8/244.jpg,training
F007/T1/0656.jpg,training
F007/T1/0719.jpg,training
F007/T1/0772.jpg,training
F007/T1/0839.jpg,training
F007/T1/1057.jpg,training
F007/T1/1089.jpg,training
F007/T1/1093.jpg,training
F007/T1/1115.jpg,training
F007/T2/0041.jpg,training
F007/T2/0043.jpg,training
F007/T2/0080.jpg,training
F007/T2/0194.jpg,training
F007/T2/0240.jpg,training
F007/T2/0266.jpg,training
F007/T2/0318.jpg,training
F007/T2/0392.jpg,training
F007/T2/0485.jpg,training
F007/T3/015.jpg,training
F007/T3/080.jpg,training
F007/T3/163.jpg,training
F007/T3/166.jpg,training
F007/T3/238.jpg,training
F007/T3/307.jpg,training
F007/T3/345.jpg,training
F007/T3/356.jpg,training
F007/T4/1173.jpg,training
F007/T4/1204.jpg,training
F007/T4/1219.jpg,training
F007/T4/1366.jpg,training
F007/T4/1400.jpg,training
F007/T4/1494.jpg,training
F007/T4/1529.jpg,training
F007/T4/1563.jpg,training
F007/T4/1590.jpg,training
F007/T5/0076.jpg,training
F007/T5/0210.jpg,training
F007/T5/0316.jpg,training
F007/T5/0378.jpg,training
F007/T5/0420.jpg,training
F007/T5/0431.jpg,training
F007/T5/0460.jpg,training
F007/T6/156.jpg,training
F007/T6/169.jpg,training
F007/T6/192.jpg,training
F007/T6/279.jpg,training
F007/T6/297.jpg,training
F007/T6/335.jpg,training
F007/T6/361.jpg,training
F007/T6/450.jpg,training
F007/T7/0799.jpg,training
F007/T7/0829.jpg,training
F007/T7/0899.jpg,training
F007/T7/1006.jpg,training
F007/T7/1160.jpg,training
F007/T7/1163.jpg,training
F007/T7/1179.jpg,training
F007/T7/1189.jpg,training
F007/T7/1236.jpg,training
F007/T7/1259.jpg,training
F007/T8/006.jpg,training
F007/T8/020.jpg,training
F007/T8/049.jpg,training
F007/T8/076.jpg,training
F007/T8/107.jpg,training
F007/T8/178.jpg,training
F007/T8/195.jpg,training
F008/T1/0498.jpg,training
F008/T1/0516.jpg,training
F008/T1/0542.jpg,training
F008/T1/0561.jpg,training
F008/T1/0642.jpg,training
F008/T1/0692.jpg,training
F008/T1/0730.jpg,training
F008/T1/0750.jpg,training
F008/T1/0769.jpg,training
F008/T2/0896.jpg,training
F008/T2/1000.jpg,training
F008/T2/1137.jpg,training
F008/T2/1161.jpg,training
F008/T2/1171.jpg,training
F008/T2/1203.jpg,training
F008/T2/1218.jpg,training
F008/T2/1321.jpg,training
F008/T3/008.jpg,training
F008/T3/076.jpg,training
F008/T3/179.jpg,training
F008/T3/196.jpg,training
F008/T3/223.jpg,training
F008/T3/261.jpg,training
F008/T3/289.jpg,training
F008/T3/296.jpg,training
F008/T4/0429.jpg,training
F008/T4/0649.jpg,training
F008/T4/0667.jpg,training
F008/T4/0717.jpg,training
F008/T4/0768.jpg,training
F008/T4/0786.jpg,training
F008/T4/0799.jpg,training
F008/T4/0874.jpg,training
F008/T5/0390.jpg,training
F008/T5/0644.jpg,training
F008/T5/0684.jpg,training
F008/T5/0734.jpg,training
F008/T5/0748.jpg,training
F008/T5/0867.jpg,training
F008/T5/0886.jpg,training
F008/T6/180.jpg,training
F008/T6/234.jpg,training
F008/T6/241.jpg,training
F008/T6/301.jpg,training
F008/T6/304.jpg,training
F008/T6/402.jpg,training
F008/T6/450.jpg,training
F008/T6/555.jpg,training
F008/T6/559.jpg,training
F008/T7/1045.jpg,training
F008/T7/1049.jpg,training
F008/T7/1070.jpg,training
F008/T7/1250.jpg,training
F008/T7/1301.jpg,training
F008/T7/1409.jpg,training
F008/T8/061.jpg,training
F008/T8/179.jpg,training
F008/T8/218.jpg,training
F008/T8/238.jpg,training
F008/T8/275.jpg,training
F008/T8/283.jpg,training
F008/T8/358.jpg,training
F008/T8/369.jpg,training
F008/T8/426.jpg,training
F009/T1/0587.jpg,training
F009/T1/0608.jpg,training
F009/T1/0730.jpg,training
F009/T1/0747.jpg,training
F009/T1/0845.jpg,training
F009/T1/0957.jpg,training
F009/T1/0966.jpg,training
F009/T1/0971.jpg,training
F009/T2/0024.jpg,training
F009/T2/0113.jpg,training
F009/T2/0159.jpg,training
F009/T2/0273.jpg,training
F009/T2/0313.jpg,training
F009/T2/0404.jpg,training
F009/T3/036.jpg,training
F009/T3/057.jpg,training
F009/T3/113.jpg,training
F009/T3/147.jpg,training
F009/T3/162.jpg,training
F009/T3/217.jpg,training
F009/T3/220.jpg,training
F009/T4/0266.jpg,training
F009/T4/0340.jpg,training
F009/T4/0399.jpg,training
F009/T4/0582.jpg,training
F009/T5/0223.jpg,training
F009/T5/0267.jpg,training
F009/T5/0349.jpg,training
F009/T5/0377.jpg,training
F009/T5/0379.jpg,training
F009/T5/0460.jpg,training
F009/T5/0620.jpg,training
F009/T6/0708.jpg,training
F009/T6/0728.jpg,training
F009/T6/0847.jpg,training
F009/T6/0849.jpg,training
F009/T6/0887.jpg,training
F009/T6/0889.jpg,training
F009/T6/0931.jpg,training
F009/T6/1104.jpg,training
F009/T7/1174.jpg,training
F009/T7/1336.jpg,training
F009/T7/1361.jpg,training
F009/T7/1388.jpg,training
F009/T7/1412.jpg,training
F009/T7/1452.jpg,training
F009/T7/1469.jpg,training
F009/T7/1530.jpg,training
F009/T8/047.jpg,training
F009/T8/107.jpg,training
F009/T8/113.jpg,training
F009/T8/114.jpg,training
F009/T8/123.jpg,training
F009/T8/133.jpg,training
F010/T1/0339.jpg,training
F010/T1/0363.jpg,training
F010/T1/0377.jpg,training
F010/T1/0427.jpg,training
F010/T1/0619.jpg,training
F010/T1/0654.jpg,training
F010/T1/0680.jpg,training
F010/T2/1206.jpg,training
F010/T2/1258.jpg,training
F010/T2/1293.jpg,training
F010/T2/1313.jpg,training
F010/T2/1398.jpg,training
F010/T2/1412.jpg,training
F010/T2/1490.jpg,training
F010/T2/1580.jpg,training
F010/T3/100.jpg,training
F010/T3/125.jpg,training
F010/T3/133.jpg,training
F010/T3/179.jpg,training
F010/T3/193.jpg,training
F010/T3/207.jpg,training
F010/T3/244.jpg,training
F010/T3/322.jpg,training
F010/T4/0165.jpg,training
F010/T4/0185.jpg,training
F010/T4/0224.jpg,training
F010/T4/0233.jpg,training
F010/T4/0235.jpg,training
F010/T4/0330.jpg,training
F010/T4/0461.jpg,training
F010/T4/0505.jpg,training
F010/T4/0533.jpg,training
F010/T5/069.jpg,training
F010/T5/173.jpg,training
F010/T5/199.jpg,training
F010/T5/210.jpg,training
F010/T5/253.jpg,training
F010/T5/345.jpg,training
F010/T5/467.jpg,training
F010/T6/0065.jpg,training
F010/T6/0078.jpg,training
F010/T6/0114.jpg,training
F010/T6/0117.jpg,training
F010/T6/0159.jpg,training
F010/T6/0164.jpg,training
F010/T6/0271.jpg,training
F010/T6/0523.jpg,training
F010/T6/0529.jpg,training
F010/T7/0219.jpg,training
F010/T7/0298.jpg,training
F010/T7/0333.jpg,training
F010/T7/0397.jpg,training
F010/T7/0415.jpg,training
F010/T7/0419.jpg,training
F010/T7/0420.jpg,training
F010/T7/0535.jpg,training
F010/T8/005.jpg,training
F010/T8/030.jpg,training
F010/T8/093.jpg,training
F010/T8/102.jpg,training
F010/T8/111.jpg,training
F010/T8/155.jpg,training
F010/T8/170.jpg,training
F011/T1/431.jpg,training
F011/T1/465.jpg,training
F011/T1/487.jpg,training
F011/T1/522.jpg,training
F011/T1/549.jpg,training
F011/T1/592.jpg,training
F011/T1/676.jpg,training
F011/T1/811.jpg,training
F011/T1/817.jpg,training
F011/T2/0886.jpg,training
F011/T2/0918.jpg,training
F011/T2/0939.jpg,training
F011/T2/0997.jpg,training
F011/T2/1161.jpg,training
F011/T2/1181.jpg,training
F011/T2/1201.jpg,training
F011/T2/1225.jpg,training
F011/T2/1263.jpg,training
F011/T3/010.jpg,training
F011/T3/016.jpg,training
F011/T3/275.jpg,training
F011/T3/357.jpg,training
F011/T3/413.jpg,training
F011/T4/0036.jpg,training
F011/T4/0105.jpg,training
F011/T4/0307.jpg,training
F011/T4/0321.jpg,training
F011/T4/0323.jpg,training
F011/T4/0334.jpg,training
F011/T4/0346.jpg,training
F011/T4/0441.jpg,training
F011/T4/0465.jpg,training
F011/T5/0955.jpg,training
F011/T5/1064.jpg,training
F011/T5/1121.jpg,training
F011/T5/1278.jpg,training
F011/T5/1281.jpg,training
F011/T5/1325.jpg,training
F011/T5/1335.jpg,training
F011/T5/1340.jpg,training
F011/T6/0773.jpg,training
F011/T6/0806.jpg,training
F011/T6/0810.jpg,training
F011/T6/0903.jpg,training
F011/T6/0924.jpg,training
F011/T6/1036.jpg,training
F011/T6/1067.jpg,training
F011/T6/1087.jpg,training
F011/T7/0824.jpg,training
F011/T7/0844.jpg,training
F011/T7/1043.jpg,training
F011/T7/1059.jpg,training
F011/T7/1079.jpg,training
F011/T7/1114.jpg,training
F011/T7/1205.jpg,training
F011/T7/1245.jpg,training
F011/T7/1256.jpg,training
F011/T7/1283.jpg,training
F011/T8/100.jpg,training
F011/T8/152.jpg,training
F011/T8/190.jpg,training
F011/T8/222.jpg,training
F011/T8/228.jpg,training
F011/T8/357.jpg,training
F011/T8/394.jpg,training
F012/T1/279.jpg,training
F012/T1/301.jpg,training
F012/T1/349.jpg,training
F012/T1/368.jpg,training
F012/T1/487.jpg,training
F012/T1/527.jpg,training
F012/T1/530.jpg,training
F012/T1/546.jpg,training
F012/T1/551.jpg,training
F012/T2/1154.jpg,training
F012/T2/1254.jpg,training
F012/T2/1335.jpg,training
F012/T2/1340.jpg,training
F012/T2/1391.jpg,training
F012/T2/1401.jpg,training
F012/T2/1447.jpg,training
F012/T2/1578.jpg,training
F012/T3/077.jpg,training
F012/T3/173.jpg,training
F012/T3/209.jpg,training
F012/T3/239.jpg,training
F012/T3/280.jpg,training
F012/T3/303.jpg,training
F012/T3/388.jpg,training
F012/T3/393.jpg,training
F012/T4/0725.jpg,training
F012/T4/0901.jpg,training
F012/T4/0906.jpg,training
F012/T4/0952.jpg,training
F012/T4/1051.jpg,training
F012/T4/1093.jpg,training
F012/T4/1126.jpg,training
F012/T4/1140.jpg,training
F012/T5/0107.jpg,training
F012/T5/0211.jpg,training
F012/T5/0238.jpg,training
F012/T5/0293.jpg,training
F012/T5/0377.jpg,training
F012/T5/0469.jpg,training
F012/T5/0504.jpg,training
F012/T5/0527.jpg,training
F012/T5/0562.jpg,training
F012/T5/0575.jpg,training
F012/T6/0039.jpg,training
F012/T6/0123.jpg,training
F012/T6/0277.jpg,training
F012/T6/0289.jpg,training
F012/T6/0301.jpg,training
F012/T6/0351.jpg,training
F012/T6/0486.jpg,training
F012/T6/0497.jpg,training
F012/T6/0505.jpg,training
F012/T7/1619.jpg,training
F012/T7/1702.jpg,training
F012/T7/1758.jpg,training
F012/T7/1784.jpg,training
F012/T7/1811.jpg,training
F012/T7/1944.jpg,training
F012/T7/1952.jpg,training
F012/T7/1991.jpg,training
F012/T7/2011.jpg,training
F012/T7/2059.jpg,training
F012/T8/009.jpg,training
F012/T8/020.jpg,training
F012/T8/030.jpg,training
F012/T8/073.jpg,training
F012/T8/125.jpg,training
F012/T8/169.jpg,training
F012/T8/185.jpg,training
F012/T8/188.jpg,training
F013/T1/478.jpg,training
F013/T1/503.jpg,training
F013/T1/517.jpg,training
F013/T1/597.jpg,training
F013/T1/801.jpg,training
F013/T1/863.jpg,training
F013/T1/888.jpg,training
F013/T1/901.jpg,training
F013/T2/0018.jpg,training
F013/T2/0094.jpg,training
F013/T2/0118.jpg,training
F013/T2/0155.jpg,training
F013/T2/0273.jpg,training
F013/T2/0338.jpg,training
F013/T2/0392.jpg,training
F013/T2/0443.jpg,training
F013/T2/0461.jpg,training
F013/T3/071.jpg,training
F013/T3/087.jpg,training
F013/T3/093.jpg,training
F013/T3/148.jpg,training
F013/T3/207.jpg,training
F013/T3/239.jpg,training
F013/T4/0335.jpg,training
F013/T4/0337.jpg,training
F013/T4/0346.jpg,training
F013/T4/0415.jpg,training
F013/T4/0417.jpg,training
F013/T4/0503.jpg,training
F013/T4/0565.jpg,training
F013/T4/0632.jpg,training
F013/T4/0686.jpg,training
F013/T4/0698.jpg,training
F013/T5/0001.jpg,training
F013/T5/0098.jpg,training
F013/T5/0130.jpg,training
F013/T5/0241.jpg,training
F013/T5/0315.jpg,training
F013/T5/0421.jpg,training
F013/T5/0471.jpg,training
F013/T5/0495.jpg,training
F013/T6/1144.jpg,training
F013/T6/1151.jpg,training
F013/T6/1221.jpg,training
F013/T6/1232.jpg,training
F013/T6/1282.jpg,training
F013/T6/1349.jpg,training
F013/T6/1365.jpg,training
F013/T6/1508.jpg,training
F013/T7/0610.jpg,training
F013/T7/0636.jpg,training
F013/T7/0781.jpg,training
F013/T7/0790.jpg,training
F013/T7/0791.jpg,training
F013/T7/0794.jpg,training
F013/T7/0876.jpg,training
F013/T8/050.jpg,training
F013/T8/068.jpg,training
F013/T8/077.jpg,training
F013/T8/089.jpg,training
F013/T8/121.jpg,training
F013/T8/123.jpg,training
F013/T8/135.jpg,training
F014/T1/0652.jpg,training
F014/T1/0698.jpg,training
F014/T1/0707.jpg,training
F014/T1/0734.jpg,training
F014/T1/0741.jpg,training
F014/T1/0763.jpg,training
F014/T2/0650.jpg,training
F014/T2/0670.jpg,training
F014/T2/0750.jpg,training
F014/T2/0753.jpg,training
F014/T2/0811.jpg,training
F014/T2/0874.jpg,training
F014/T2/0893.jpg,training
F014/T2/0965.jpg,training
F014/T2/0971.jpg,training
F014/T3/002.jpg,training
F014/T3/020.jpg,training
F014/T3/086.jpg,training
F014/T3/131.jpg,training
F014/T3/292.jpg,training
F014/T3/302.jpg,training
F014/T3/307.jpg,training
F014/T4/026.jpg,training
F014/T4/054.jpg,training
F014/T4/074.jpg,training
F014/T4/218.jpg,training
F014/T4/318.jpg,training
F014/T4/407.jpg,training
F014/T4/440.jpg,training
F014/T4/461.jpg,training
F014/T4/479.jpg,training
F014/T5/0562.jpg,training
F014/T5/0731.jpg,training
F014/T5/0750.jpg,training
F014/T5/0804.jpg,training
F014/T5/0855.jpg,training
F014/T5/0881.jpg,training
F014/T5/0932.jpg,training
F014/T5/0998.jpg,training
F014/T6/526.jpg,training
F014/T6/648.jpg,training
F014/T6/671.jpg,training
F014/T6/734.jpg,training
F014/T6/811.jpg,training
F014/T6/888.jpg,training
F014/T6/924.jpg,training
F014/T7/0708.jpg,training
F014/T7/0758.jpg,training
F014/T7/0934.jpg,training
F014/T7/0985.jpg,training
F014/T7/1002.jpg,training
F014/T7/1074.jpg,training
F014/T8/024.jpg,training
F014/T8/055.jpg,training
F014/T8/076.jpg,training
F014/T8/090.jpg,training
F014/T8/116.jpg,training
F014/T8/129.jpg,training
F014/T8/141.jpg,training
F014/T8/193.jpg,training
F014/T8/239.jpg,training
F015/T1/0714.jpg,training
F015/T1/0830.jpg,training
F015/T1/0906.jpg,training
F015/T1/0918.jpg,training
F015/T1/0942.jpg,training
F015/T1/0986.jpg,training
F015/T1/1026.jpg,training
F015/T1/1041.jpg,training
F015/T2/1082.jpg,training
F015/T2/1169.jpg,training
F015/T2/1205.jpg,training
F015/T2/1235.jpg,training
F015/T2/1326.jpg,training
F015/T2/1394.jpg,training
F015/T2/1421.jpg,training
F015/T2/1550.jpg,training
F015/T2/1573.jpg,training
F015/T3/058.jpg,training
F015/T3/076.jpg,training
F015/T3/178.jpg,training
F015/T3/217.jpg,training
F015/T3/220.jpg,training
F015/T3/232.jpg,training
F015/T3/243.jpg,training
F015/T3/294.jpg,training
F015/T3/302.jpg,training
F015/T4/1946.jpg,training
F015/T4/1952.jpg,training
F015/T4/1964.jpg,training
F015/T4/1983.jpg,training
F015/T4/2000.jpg,training
F015/T4/2031.jpg,training
F015/T4/2058.jpg,training
F015/T4/2106.jpg,training
F015/T4/2170.jpg,training
F015/T5/0029.jpg,training
F015/T5/0041.jpg,training
F015/T5/0269.jpg,training
F015/T5/0282.jpg,training
F015/T5/0408.jpg,training
F015/T5/0415.jpg,training
F015/T5/0461.jpg,training
F015/T5/0498.jpg,training
F015/T6/1051.jpg,training
F015/T6/1059.jpg,training
F015/T6/1079.jpg,training
F015/T6/1161.jpg,training
F015/T6/1246.jpg,training
F015/T6/1276.jpg,training
F015/T6/1346.jpg,training
F015/T6/1388.jpg,training
F015/T7/1124.jpg,training
F015/T7/1140.jpg,training
F015/T7/1232.jpg,training
F015/T7/1248.jpg,training
F015/T7/1255.jpg,training
F015/T7/1333.jpg,training
F015/T7/1392.jpg,training
F015/T7/1395.jpg,training
F015/T7/1428.jpg,training
F015/T7/1440.jpg,training
F015/T8/010.jpg,training
F015/T8/050.jpg,training
F015/T8/056.jpg,training
F015/T8/059.jpg,training
F015/T8/073.jpg,training
F015/T8/078.jpg,training
F015/T8/100.jpg,training
F015/T8/141.jpg,training
F016/T1/089.jpg,training
F016/T1/274.jpg,training
F016/T1/279.jpg,training
F016/T1/484.jpg,training
F016/T1/500.jpg,training
F016/T1/503.jpg,training
F016/T2/0630.jpg,training
F016/T2/0682.jpg,training
F016/T2/0745.jpg,training
F016/T2/0764.jpg,training
F016/T2/0801.jpg,training
F016/T2/0841.jpg,training
F016/T2/0996.jpg,training
F016/T3/053.jpg,training
F016/T3/110.jpg,training
F016/T3/131.jpg,training
F016/T3/134.jpg,training
F016/T3/135.jpg,training
F016/T3/176.jpg,training
F016/T3/177.jpg,training
F016/T3/207.jpg,training
F016/T3/243.jpg,training
F016/T3/303.jpg,training
F016/T4/0983.jpg,training
F016/T4/1026.jpg,training
F016/T4/1131.jpg,training
F016/T4/1170.jpg,training
F016/T4/1243.jpg,training
F016/T4/1258.jpg,training
F016/T4/1262.jpg,training
F016/T4/1309.jpg,training
F016/T5/0454.jpg,training
F016/T5/0492.jpg,training
F016/T5/0514.jpg,training
F016/T5/0526.jpg,training
F016/T5/0587.jpg,training
F016/T5/0605.jpg,training
F016/T5/0832.jpg,training
F016/T5/0893.jpg,training
F016/T5/0907.jpg,training
F016/T5/0942.jpg,training
F016/T6/0906.jpg,training
F016/T6/0994.jpg,training
F016/T6/1028.jpg,training
F016/T6/1218.jpg,training
F016/T6/1280.jpg,training
F016/T6/1299.jpg,training
F016/T6/1337.jpg,training
F016/T6/1340.jpg,training
F016/T7/0033.jpg,training
F016/T7/0100.jpg,training
F016/T7/0131.jpg,training
F016/T7/0241.jpg,training
F016/T7/0351.jpg,training
F016/T7/0436.jpg,training
F016/T7/0494.jpg,training
F016/T8/030.jpg,training
F016/T8/091.jpg,training
F016/T8/152.jpg,training
F016/T8/156.jpg,training
F016/T8/203.jpg,training
F016/T8/211.jpg,training
F016/T8/220.jpg,training
F016/T8/240.jpg,training
F017/T1/0177.jpg,training
F017/T1/0205.jpg,training
F017/T1/0361.jpg,training
F017/T1/0463.jpg,training
F017/T1/0495.jpg,training
F017/T1/0531.jpg,training
F017/T1/0642.jpg,training
F017/T2/1139.jpg,training
F017/T2/1178.jpg,training
F017/T2/1216.jpg,training
F017/T2/1253.jpg,training
F017/T2/1272.jpg,training
F017/T2/1299.jpg,training
F017/T2/1445.jpg,training
F017/T2/1491.jpg,training
F017/T2/1525.jpg,training
F017/T3/123.jpg,training
F017/T3/279.jpg,training
F017/T3/356.jpg,training
F017/T3/358.jpg,training
F017/T3/370.jpg,training
F017/T3/417.jpg,training
F017/T3/418.jpg,training
F017/T3/432.jpg,training
F017/T4/0038.jpg,training
F017/T4/0090.jpg,training
F017/T4/0106.jpg,training
F017/T4/0148.jpg,training
F017/T4/0226.jpg,training
F017/T4/0252.jpg,training
F017/T4/0402.jpg,training
F017/T4/0476.jpg,training
F017/T5/0172.jpg,training
F017/T5/0176.jpg,training
F017/T5/0231.jpg,training
F017/T5/0263.jpg,training
F017/T5/0324.jpg,training
F017/T5/0523.jpg,training
F017/T5/0551.jpg,training
F017/T5/0602.jpg,training
F017/T6/0635.jpg,training
F017/T6/0694.jpg,training
F017/T6/0883.jpg,training
F017/T6/0991.jpg,training
F017/T6/1009.jpg,training
F017/T6/1072.jpg,training
F017/T6/1090.jpg,training
F017/T6/1117.jpg,training
F017/T6/1132.jpg,training
F017/T7/1046.jpg,training
F017/T7/1255.jpg,training
F017/T7/1288.jpg,training
F017/T7/1312.jpg,training
F017/T7/1329.jpg,training
F017/T7/1416.jpg,training
F017/T7/1458.jpg,training
F017/T8/012.jpg,training
F017/T8/017.jpg,training
F017/T8/041.jpg,training
F017/T8/079.jpg,training
F017/T8/111.jpg,training
F017/T8/122.jpg,training
F017/T8/168.jpg,training
F018/T1/0631.jpg,training
F018/T1/0650.jpg,training
F018/T1/0725.jpg,training
F018/T1/0829.jpg,training
F018/T1/0894.jpg,training
F018/T1/1044.jpg,training
F018/T1/1047.jpg,training
F018/T2/0118.jpg,training
F018/T2/0281.jpg,training
F018/T2/0336.jpg,training
F018/T2/0360.jpg,training
F018/T2/0380.jpg,training
F018/T2/0394.jpg,training
F018/T2/0450.jpg,training
F018/T2/0477.jpg,training
F018/T3/038.jpg,training
F018/T3/050.jpg,training
F018/T3/056.jpg,training
F018/T3/102.jpg,training
F018/T3/104.jpg,training
F018/T3/112.jpg,training
F018/T3/119.jpg,training
F018/T3/136.jpg,training
F018/T3/223.jpg,training
F018/T4/0541.jpg,training
F018/T4/0593.jpg,training
F018/T4/0594.jpg,training
F018/T4/0654.jpg,training
F018/T4/0678.jpg,training
F018/T4/0779.jpg,training
F018/T4/0783.jpg,training
F018/T4/0790.jpg,training
F018/T4/0872.jpg,training
F018/T4/0936.jpg,training
F018/T5/0474.jpg,training
F018/T5/0508.jpg,training
F018/T5/0612.jpg,training
F018/T5/0696.jpg,training
F018/T5/0699.jpg,training
F018/T5/0739.jpg,training
F018/T5/0755.jpg,training
F018/T5/0761.jpg,training
F018/T6/0878.jpg,training
F018/T6/0887.jpg,training
F018/T6/0900.jpg,training
F018/T6/0939.jpg,training
F018/T6/0948.jpg,training
F018/T6/1203.jpg,training
F018/T6/1252.jpg,training
F018/T6/1366.jpg,training
F018/T7/1366.jpg,training
F018/T7/1411.jpg,training
F018/T7/1582.jpg,training
F018/T7/1658.jpg,training
F018/T7/1785.jpg,training
F018/T7/1813.jpg,training
F018/T8/057.jpg,training
F018/T8/089.jpg,training
F018/T8/093.jpg,training
F018/T8/102.jpg,training
F018/T8/107.jpg,training
F018/T8/140.jpg,training
F018/T8/172.jpg,training
F018/T8/230.jpg,training
F018/T8/253.jpg,training
F018/T8/257.jpg,training
F019/T1/204.jpg,training
F019/T1/220.jpg,training
F019/T1/317.jpg,training
F019/T1/481.jpg,training
F019/T1/595.jpg,training
F019/T2/0606.jpg,training
F019/T2/0631.jpg,training
F019/T2/0654.jpg,training
F019/T2/0677.jpg,training
F019/T2/0794.jpg,training
F019/T2/0823.jpg,training
F019/T2/0849.jpg,training
F019/T2/0956.jpg,training
F019/T2/1029.jpg,training
F019/T3/019.jpg,training
F019/T3/052.jpg,training
F019/T3/104.jpg,training
F019/T3/139.jpg,training
F019/T3/172.jpg,training
F019/T3/262.jpg,training
F019/T4/0015.jpg,training
F019/T4/0060.jpg,training
F019/T4/0126.jpg,training
F019/T4/0192.jpg,training
F019/T4/0359.jpg,training
F019/T4/0488.jpg,training
F019/T5/0208.jpg,training
F019/T5/0241.jpg,training
F019/T5/0297.jpg,training
F019/T5/0307.jpg,training
F019/T5/0505.jpg,training
F019/T5/0574.jpg,training
F019/T5/0593.jpg,training
F019/T5/0613.jpg,training
F019/T5/0617.jpg,training
F019/T6/021.jpg,training
F019/T6/024.jpg,training
F019/T6/056.jpg,training
F019/T6/062.jpg,training
F019/T6/258.jpg,training
F019/T6/370.jpg,training
F019/T6/485.jpg,training
F019/T7/0803.jpg,training
F019/T7/0814.jpg,training
F019/T7/0815.jpg,training
F019/T7/0929.jpg,training
F019/T7/1067.jpg,training
F019/T7/1174.jpg,training
F019/T7/1175.jpg,training
F019/T7/1296.jpg,training
F019/T8/039.jpg,training
F019/T8/044.jpg,training
F019/T8/083.jpg,training
F019/T8/087.jpg,training
F019/T8/123.jpg,training
F019/T8/136.jpg,training
F019/T8/179.jpg,training
F019/T8/186.jpg,training
F020/T1/0853.jpg,training
F020/T1/1039.jpg,training
F020/T1/1046.jpg,training
F020/T1/1181.jpg,training
F020/T1/1182.jpg,training
F020/T1/1215.jpg,training
F020/T1/1256.jpg,training
F020/T1/1282.jpg,training
F020/T1/1331.jpg,training
F020/T2/1178.jpg,training
F020/T2/1194.jpg,training
F020/T2/1219.jpg,training
F020/T2/1256.jpg,training
F020/T2/1262.jpg,training
F020/T2/1339.jpg,training
F020/T2/1355.jpg,training
F020/T2/1424.jpg,training
F020/T2/1461.jpg,training
F020/T2/1552.jpg,training
F020/T3/012.jpg,training
F020/T3/051.jpg,training
F020/T3/079.jpg,training
F020/T3/113.jpg,training
F020/T3/120.jpg,training
F020/T3/180.jpg,training
F020/T3/209.jpg,training
F020/T3/240.jpg,training
F020/T3/306.jpg,training
F020/T4/0029.jpg,training
F020/T4/0051.jpg,training
F020/T4/0055.jpg,training
F020/T4/0168.jpg,training
F020/T4/0315.jpg,training
F020/T4/0388.jpg,training
F020/T4/0404.jpg,training
F020/T4/0477.jpg,training
F020/T4/0494.jpg,training
F020/T5/0062.jpg,training
F020/T5/0098.jpg,training
F020/T5/0177.jpg,training
F020/T5/0273.jpg,training
F020/T5/0312.jpg,training
F020/T5/0376.jpg,training
F020/T5/0402.jpg,training
F020/T5/0455.jpg,training
F020/T6/1009.jpg,training
F020/T6/1093.jpg,training
F020/T6/1164.jpg,training
F020/T6/1181.jpg,training
F020/T6/1206.jpg,training
F020/T6/1295.jpg,training
F020/T6/1343.jpg,training
F020/T6/1356.jpg,training
F020/T7/0951.jpg,training
F020/T7/1018.jpg,training
F020/T7/1062.jpg,training
F020/T7/1113.jpg,training
F020/T7/1221.jpg,training
F020/T7/1280.jpg,training
F020/T7/1360.jpg,training
F020/T8/050.jpg,training
F020/T8/051.jpg,training
F020/T8/060.jpg,training
F020/T8/129.jpg,training
F020/T8/176.jpg,training
F020/T8/185.jpg,training
F020/T8/203.jpg,training
F020/T8/246.jpg,training
F020/T8/300.jpg,training
F021/T1/034.jpg,training
F021/T1/073.jpg,training
F021/T1/265.jpg,training
F021/T1/280.jpg,training
F021/T1/304.jpg,training
F021/T1/453.jpg,training
F021/T2/1075.jpg,training
F021/T2/1107.jpg,training
F021/T2/1180.jpg,training
F021/T2/1196.jpg,training
F021/T2/1307.jpg,training
F021/T2/1486.jpg,training
F021/T2/1491.jpg,training
F021/T2/1506.jpg,training
F021/T3/081.jpg,training
F021/T3/091.jpg,training
F021/T3/098.jpg,training
F021/T3/108.jpg,training
F021/T3/141.jpg,training
F021/T3/160.jpg,training
F021/T3/187.jpg,training
F021/T4/0266.jpg,training
F021/T4/0300.jpg,training
F021/T4/0406.jpg,training
F021/T4/0426.jpg,training
F021/T4/0459.jpg,training
F021/T4/0474.jpg,training
F021/T4/0497.jpg,training
F021/T4/0615.jpg,training
F021/T4/0692.jpg,training
F021/T5/548.jpg,training
F021/T5/642.jpg,training
F021/T5/719.jpg,training
F021/T5/725.jpg,training
F021/T5/766.jpg,training
F021/T5/768.jpg,training
F021/T5/773.jpg,training
F021/T5/856.jpg,training
F021/T5/879.jpg,training
F021/T6/137.jpg,training
F021/T6/159.jpg,training
F021/T6/164.jpg,training
F021/T6/189.jpg,training
F021/T6/213.jpg,training
F021/T6/323.jpg,training
F021/T7/1090.jpg,training
F021/T7/1102.jpg,training
F021/T7/1207.jpg,training
F021/T7/1311.jpg,training
F021/T7/1312.jpg,training
F021/T7/1464.jpg,training
F021/T7/1553.jpg,training
F021/T8/012.jpg,training
F021/T8/022.jpg,training
F021/T8/048.jpg,training
F021/T8/149.jpg,training
F021/T8/167.jpg,training
F021/T8/271.jpg,training
F021/T8/359.jpg,training
F021/T8/393.jpg,training
F022/T1/1143.jpg,training
F022/T1/1175.jpg,training
F022/T1/1258.jpg,training
F022/T1/1264.jpg,training
F022/T1/1294.jpg,training
F022/T1/1398.jpg,training
F022/T1/1415.jpg,training
F022/T1/1529.jpg,training
F022/T1/1568.jpg,training
F022/T2/0319.jpg,training
F022/T2/0323.jpg,training
F022/T2/0415.jpg,training
F022/T2/0431.jpg,training
F022/T2/0440.jpg,training
F022/T2/0470.jpg,training
F022/T2/0591.jpg,training
F022/T2/0685.jpg,training
F022/T2/0734.jpg,training
F022/T2/0764.jpg,training
F022/T3/024.jpg,training
F022/T3/051.jpg,training
F022/T3/119.jpg,training
F022/T3/173.jpg,training
F022/T3/216.jpg,training
F022/T3/220.jpg,training
F022/T3/225.jpg,training
F022/T3/250.jpg,training
F022/T3/327.jpg,training
F022/T4/0712.jpg,training
F022/T4/0745.jpg,training
F022/T4/0800.jpg,training
F022/T4/0923.jpg,training
F022/T4/0938.jpg,training
F022/T4/0993.jpg,training
F022/T4/1000.jpg,training
F022/T4/1003.jpg,training
F022/T4/1054.jpg,training
F022/T4/1095.jpg,training
F022/T5/0333.jpg,training
F022/T5/0377.jpg,training
F022/T5/0417.jpg,training
F022/T5/0453.jpg,training
F022/T5/0583.jpg,training
F022/T5/0596.jpg,training
F022/T5/0620.jpg,training
F022/T5/0626.jpg,training
F022/T5/0707.jpg,training
F022/T6/072.jpg,training
F022/T6/083.jpg,training
F022/T6/088.jpg,training
F022/T6/126.jpg,training
F022/T6/257.jpg,training
F022/T6/270.jpg,training
F022/T6/295.jpg,training
F022/T6/338.jpg,training
F022/T7/0559.jpg,training
F022/T7/0574.jpg,training
F022/T7/0605.jpg,training
F022/T7/0696.jpg,training
F022/T7/0710.jpg,training
F022/T7/0824.jpg,training
F022/T7/0862.jpg,training
F022/T7/0915.jpg,training
F022/T7/0941.jpg,training
F022/T8/013.jpg,training
F022/T8/015.jpg,training
F022/T8/034.jpg,training
F022/T8/081.jpg,training
F022/T8/113.jpg,training
F022/T8/170.jpg,training
F022/T8/226.jpg,training
F022/T8/314.jpg,training
F022/T8/372.jpg,training
F023/T1/012.jpg,training
F023/T1/049.jpg,training
F023/T1/090.jpg,training
F023/T1/161.jpg,training
F023/T1/172.jpg,training
F023/T1/234.jpg,training
F023/T1/309.jpg,training
F023/T1/316.jpg,training
F023/T1/464.jpg,training
F023/T1/473.jpg,training
F023/T2/1130.jpg,training
F023/T2/1175.jpg,training
F023/T2/1456.jpg,training
F023/T2/1463.jpg,training
F023/T2/1529.jpg,training
F023/T2/1576.jpg,training
F023/T3/037.jpg,training
F023/T3/141.jpg,training
F023/T3/162.jpg,training
F023/T3/209.jpg,training
F023/T3/228.jpg,training
F023/T3/254.jpg,training
F023/T3/315.jpg,training
F023/T4/0720.jpg,training
F023/T4/0824.jpg,training
F023/T4/0835.jpg,training
F023/T4/1012.jpg,training
F023/T4/1030.jpg,training
F023/T4/1093.jpg,training
F023/T4/1133.jpg,training
F023/T4/1158.jpg,training
F023/T5/0492.jpg,training
F023/T5/0635.jpg,training
F023/T5/0639.jpg,training
F023/T5/0652.jpg,training
F023/T5/0751.jpg,training
F023/T5/0758.jpg,training
F023/T5/0781.jpg,training
F023/T6/1024.jpg,training
F023/T6/1131.jpg,training
F023/T6/1198.jpg,training
F023/T6/1431.jpg,training
F023/T7/0036.jpg,training
F023/T7/0075.jpg,training
F023/T7/0245.jpg,training
F023/T7/0289.jpg,training
F023/T7/0291.jpg,training
F023/T7/0325.jpg,training
F023/T7/0330.jpg,training
F023/T7/0331.jpg,training
F023/T7/0361.jpg,training
F023/T7/0463.jpg,training
F023/T8/004.jpg,training
F023/T8/015.jpg,training
F023/T8/141.jpg,training
F023/T8/151.jpg,training
F023/T8/162.jpg,training
F023/T8/370.jpg,training
M001/T1/0798.jpg,training
M001/T1/0969.jpg,training
M001/T1/1003.jpg,training
M001/T1/1027.jpg,training
M001/T1/1082.jpg,training
M001/T1/1133.jpg,training
M001/T1/1150.jpg,training
M001/T1/1190.jpg,training
M001/T1/1204.jpg,training
M001/T1/1213.jpg,training
M001/T2/0001.jpg,training
M001/T2/0067.jpg,training
M001/T2/0193.jpg,training
M001/T2/0200.jpg,training
M001/T2/0258.jpg,training
M001/T2/0278.jpg,training
M001/T2/0418.jpg,training
M001/T2/0617.jpg,training
M001/T3/063.jpg,training
M001/T3/086.jpg,training
M001/T3/107.jpg,training
M001/T3/115.jpg,training
M001/T3/163.jpg,training
M001/T3/199.jpg,training
M001/T3/215.jpg,training
M001/T3/238.jpg,training
M001/T3/251.jpg,training
M001/T3/265.jpg,training
M001/T4/0574.jpg,training
M001/T4/0600.jpg,training
M001/T4/0669.jpg,training
M001/T4/0670.jpg,training
M001/T4/0830.jpg,training
M001/T4/0870.jpg,training
M001/T4/0916.jpg,training
M001/T4/0952.jpg,training
M001/T4/0961.jpg,training
M001/T4/0968.jpg,training
M001/T5/549.jpg,training
M001/T5/558.jpg,training
M001/T5/569.jpg,training
M001/T5/605.jpg,training
M001/T5/684.jpg,training
M001/T5/738.jpg,training
M001/T5/888.jpg,training
M001/T5/890.jpg,training
M001/T6/195.jpg,training
M001/T6/313.jpg,training
M001/T6/344.jpg,training
M001/T6/400.jpg,training
M001/T6/417.jpg,training
M001/T6/575.jpg,training
M001/T6/607.jpg,training
M001/T6/632.jpg,training
M001/T7/0797.jpg,training
M001/T7/0829.jpg,training
M001/T7/0840.jpg,training
M001/T7/0948.jpg,training
M001/T7/1173.jpg,training
M001/T7/1207.jpg,training
M001/T7/1224.jpg,training
M001/T7/1292.jpg,training
M001/T7/1293.jpg,training
M001/T8/027.jpg,training
M001/T8/047.jpg,training
M001/T8/079.jpg,training
M001/T8/134.jpg,training
M001/T8/186.jpg,training
M001/T8/230.jpg,training
M001/T8/241.jpg,training
M001/T8/336.jpg,training
M001/T8/355.jpg,training
M002/T1/0260.jpg,training
M002/T1/0285.jpg,training
M002/T1/0306.jpg,training
M002/T1/0441.jpg,training
M002/T1/0449.jpg,training
M002/T1/0505.jpg,training
M002/T1/0692.jpg,training
M002/T2/0113.jpg,training
M002/T2/0219.jpg,training
M002/T2/0284.jpg,training
M002/T2/0327.jpg,training
M002/T2/0448.jpg,training
M002/T2/0549.jpg,training
M002/T3/003.jpg,training
M002/T3/032.jpg,training
M002/T3/055.jpg,training
M002/T3/075.jpg,training
M002/T3/134.jpg,training
M002/T3/142.jpg,training
M002/T3/167.jpg,training
M002/T3/231.jpg,training
M002/T3/269.jpg,training
M002/T3/272.jpg,training
M002/T4/0731.jpg,training
M002/T4/0763.jpg,training
M002/T4/0771.jpg,training
M002/T4/0811.jpg,training
M002/T4/0946.jpg,training
M002/T4/0962.jpg,training
M002/T4/0983.jpg,training
M002/T4/1195.jpg,training
M002/T5/0659.jpg,training
M002/T5/0663.jpg,training
M002/T5/0765.jpg,training
M002/T5/0781.jpg,training
M002/T5/0828.jpg,training
M002/T5/0903.jpg,training
M002/T5/0951.jpg,training
M002/T5/1012.jpg,training
M002/T5/1060.jpg,training
M002/T6/427.jpg,training
M002/T6/470.jpg,training
M002/T6/484.jpg,training
M002/T6/527.jpg,training
M002/T6/636.jpg,training
M002/T6/694.jpg,training
M002/T6/797.jpg,training
M002/T7/0879.jpg,training
M002/T7/1002.jpg,training
M002/T7/1107.jpg,training
M002/T7/1183.jpg,training
M002/T7/1252.jpg,training
M002/T7/1300.jpg,training
M002/T8/379.jpg,training
M002/T8/390.jpg,training
M002/T8/448.jpg,training
M002/T8/481.jpg,training
M002/T8/575.jpg,training
M002/T8/576.jpg,training
M002/T8/597.jpg,training
M002/T8/632.jpg,training
M003/T1/338.jpg,training
M003/T1/376.jpg,training
M003/T1/496.jpg,training
M003/T1/564.jpg,training
M003/T1/588.jpg,training
M003/T1/667.jpg,training
M003/T1/683.jpg,training
M003/T1/736.jpg,training
M003/T2/1083.jpg,training
M003/T2/1123.jpg,training
M003/T2/1147.jpg,training
M003/T2/1150.jpg,training
M003/T2/1233.jpg,training
M003/T2/1310.jpg,training
M003/T2/1369.jpg,training
M003/T2/1448.jpg,training
M003/T2/1528.jpg,training
M003/T3/007.jpg,training
M003/T3/034.jpg,training
M003/T3/052.jpg,training
M003/T3/056.jpg,training
M003/T3/150.jpg,training
M003/T3/161.jpg,training
M003/T3/166.jpg,training
M003/T3/183.jpg,training
M003/T3/190.jpg,training
M003/T4/1461.jpg,training
M003/T4/1600.jpg,training
M003/T4/1646.jpg,training
M003/T4/1736.jpg,training
M003/T4/1759.jpg,training
M003/T4/1772.jpg,training
M003/T4/1825.jpg,training
M003/T4/1881.jpg,training
M003/T5/0888.jpg,training
M003/T5/0893.jpg,training
M003/T5/0899.jpg,training
M003/T5/0906.jpg,training
M003/T5/1053.jpg,training
M003/T5/1067.jpg,training
M003/T5/1288.jpg,training
M003/T5/1295.jpg,training
M003/T6/016.jpg,training
M003/T6/054.jpg,training
M003/T6/138.jpg,training
M003/T6/156.jpg,training
M003/T6/205.jpg,training
M003/T6/220.jpg,training
M003/T6/270.jpg,training
M003/T7/1602.jpg,training
M003/T7/1647.jpg,training
M003/T7/1659.jpg,training
M003/T7/1675.jpg,training
M003/T7/1725.jpg,training
M003/T7/1741.jpg,training
M003/T7/1784.jpg,training
M003/T7/1787.jpg,training
M003/T7/1884.jpg,training
M003/T7/1897.jpg,training
M003/T8/007.jpg,training
M003/T8/053.jpg,training
M003/T8/066.jpg,training
M003/T8/099.jpg,training
M003/T8/158.jpg,training
M003/T8/194.jpg,training
M003/T8/196.jpg,training
M003/T8/233.jpg,training
M004/T1/252.jpg,training
M004/T1/352.jpg,training
M004/T1/388.jpg,training
M004/T1/456.jpg,training
M004/T1/458.jpg,training
M004/T1/483.jpg,training
M004/T1/527.jpg,training
M004/T1/604.jpg,training
M004/T1/686.jpg,training
M004/T2/0987.jpg,training
M004/T2/1035.jpg,training
M004/T2/1147.jpg,training
M004/T2/1177.jpg,training
M004/T2/1214.jpg,training
M004/T2/1227.jpg,training
M004/T2/1292.jpg,training
M004/T2/1329.jpg,training
M004/T2/1407.jpg,training
M004/T3/039.jpg,training
M004/T3/060.jpg,training
M004/T3/144.jpg,training
M004/T3/164.jpg,training
M004/T3/239.jpg,training
M004/T3/247.jpg,training
M004/T3/254.jpg,training
M004/T3/296.jpg,training
M004/T4/1011.jpg,training
M004/T4/1081.jpg,training
M004/T4/1130.jpg,training
M004/T4/1152.jpg,training
M004/T4/1391.jpg,training
M004/T4/1407.jpg,training
M004/T4/1497.jpg,training
M004/T5/356.jpg,training
M004/T5/449.jpg,training
M004/T5/498.jpg,training
M004/T5/638.jpg,training
M004/T6/155.jpg,training
M004/T6/186.jpg,training
M004/T6/262.jpg,training
M004/T6/348.jpg,training
M004/T6/416.jpg,training
M004/T6/418.jpg,training
M004/T6/468.jpg,training
M004/T6/539.jpg,training
M004/T6/553.jpg,training
M004/T7/0544.jpg,training
M004/T7/0549.jpg,training
M004/T7/0699.jpg,training
M004/T7/0723.jpg,training
M004/T7/0871.jpg,training
M004/T8/004.jpg,training
M004/T8/026.jpg,training
M004/T8/061.jpg,training
M004/T8/100.jpg,training
M004/T8/137.jpg,training
M004/T8/174.jpg,training
M004/T8/176.jpg,training
M004/T8/189.jpg,training
M005/T1/558.jpg,training
M005/T1/611.jpg,training
M005/T1/619.jpg,training
M005/T1/644.jpg,training
M005/T1/702.jpg,training
M005/T1/704.jpg,training
M005/T1/775.jpg,training
M005/T1/794.jpg,training
M005/T1/857.jpg,training
M005/T2/1206.jpg,training
M005/T2/1207.jpg,training
M005/T2/1209.jpg,training
M005/T2/1274.jpg,training
M005/T2/1312.jpg,training
M005/T2/1318.jpg,training
M005/T2/1358.jpg,training
M005/T2/1457.jpg,training
M005/T2/1474.jpg,training
M005/T3/001.jpg,training
M005/T3/036.jpg,training
M005/T3/075.jpg,training
M005/T3/117.jpg,training
M005/T3/120.jpg,training
M005/T3/135.jpg,training
M005/T3/150.jpg,training
M005/T3/169.jpg,training
M005/T3/203.jpg,training
M005/T4/0390.jpg,training
M005/T4/0441.jpg,training
M005/T4/0456.jpg,training
M005/T4/0490.jpg,training
M005/T4/0525.jpg,training
M005/T4/0545.jpg,training
M005/T4/0567.jpg,training
M005/T4/0667.jpg,training
M005/T4/0701.jpg,training
M005/T5/0017.jpg,training
M005/T5/0241.jpg,training
M005/T5/0270.jpg,training
M005/T5/0271.jpg,training
M005/T5/0291.jpg,training
M005/T5/0392.jpg,training
M005/T5/0488.jpg,training
M005/T5/0505.jpg,training
M005/T6/222.jpg,training
M005/T6/239.jpg,training
M005/T6/255.jpg,training
M005/T6/373.jpg,training
M005/T6/477.jpg,training
M005/T6/536.jpg,training
M005/T6/642.jpg,training
M005/T6/669.jpg,training
M005/T7/1084.jpg,training
M005/T7/1098.jpg,training
M005/T7/1119.jpg,training
M005/T7/1127.jpg,training
M005/T7/1171.jpg,training
M005/T7/1211.jpg,training
M005/T7/1313.jpg,training
M005/T7/1419.jpg,training
M005/T7/1566.jpg,training
M005/T8/14.jpg,training
M005/T8/15.jpg,training
M005/T8/18.jpg,training
M005/T8/26.jpg,training
M005/T8/36.jpg,training
M005/T8/48.jpg,training
M005/T8/57.jpg,training
M005/T8/63.jpg,training
M005/T8/88.jpg,training
M006/T1/0753.jpg,training
M006/T1/0796.jpg,training
M006/T1/0847.jpg,training
M006/T1/0916.jpg,training
M006/T1/0932.jpg,training
M006/T1/0954.jpg,training
M006/T1/0968.jpg,training
M006/T1/1060.jpg,training
M006/T1/1114.jpg,training
M006/T1/1211.jpg,training
M006/T2/1129.jpg,training
M006/T2/1136.jpg,training
M006/T2/1174.jpg,training
M006/T2/1202.jpg,training
M006/T2/1545.jpg,training
M006/T2/1547.jpg,training
M006/T2/1556.jpg,training
M006/T2/1563.jpg,training
M006/T2/1566.jpg,training
M006/T2/1568.jpg,training
M006/T3/008.jpg,training
M006/T3/062.jpg,training
M006/T3/112.jpg,training
M006/T3/160.jpg,training
M006/T3/188.jpg,training
M006/T3/204.jpg,training
M006/T4/0474.jpg,training
M006/T4/0512.jpg,training
M006/T4/0567.jpg,training
M006/T4/0675.jpg,training
M006/T4/0689.jpg,training
M006/T4/0695.jpg,training
M006/T4/0699.jpg,training
M006/T4/0739.jpg,training
M006/T4/0817.jpg,training
M006/T5/0682.jpg,training
M006/T5/0730.jpg,training
M006/T5/0740.jpg,training
M006/T5/0827.jpg,training
M006/T5/0832.jpg,training
M006/T5/0929.jpg,training
M006/T5/1017.jpg,training
M006/T5/1083.jpg,training
M006/T5/1094.jpg,training
M006/T5/1150.jpg,training
M006/T6/0511.jpg,training
M006/T6/0666.jpg,training
M006/T6/0749.jpg,training
M006/T6/0788.jpg,training
M006/T6/0905.jpg,training
M006/T6/1010.jpg,training
M006/T7/0734.jpg,training
M006/T7/0740.jpg,training
M006/T7/0755.jpg,training
M006/T7/0901.jpg,training
M006/T7/0958.jpg,training
M006/T7/0980.jpg,training
M006/T7/1029.jpg,training
M006/T7/1065.jpg,training
M006/T8/0669.jpg,training
M006/T8/0682.jpg,training
M006/T8/0709.jpg,training
M006/T8/0806.jpg,training
M006/T8/0942.jpg,training
M006/T8/0984.jpg,training
M006/T8/0990.jpg,training
M006/T8/0994.jpg,training
M006/T8/1083.jpg,training
M007/T1/462.jpg,training
M007/T1/571.jpg,training
M007/T1/672.jpg,training
M007/T1/674.jpg,training
M007/T1/691.jpg,training
M007/T1/723.jpg,training
M007/T2/1130.jpg,training
M007/T2/1179.jpg,training
M007/T2/1297.jpg,training
M007/T2/1305.jpg,training
M007/T2/1307.jpg,training
M007/T2/1332.jpg,training
M007/T2/1352.jpg,training
M007/T2/1358.jpg,training
M007/T2/1530.jpg,training
M007/T3/072.jpg,training
M007/T3/078.jpg,training
M007/T3/098.jpg,training
M007/T3/115.jpg,training
M007/T3/150.jpg,training
M007/T3/172.jpg,training
M007/T3/180.jpg,training
M007/T3/229.jpg,training
M007/T3/298.jpg,training
M007/T4/0136.jpg,training
M007/T4/0229.jpg,training
M007/T4/0335.jpg,training
M007/T4/0452.jpg,training
M007/T5/425.jpg,training
M007/T5/453.jpg,training
M007/T5/463.jpg,training
M007/T5/470.jpg,training
M007/T5/629.jpg,training
M007/T5/726.jpg,training
M007/T5/765.jpg,training
M007/T5/804.jpg,training
M007/T5/833.jpg,training
M007/T6/1019.jpg,training
M007/T6/1114.jpg,training
M007/T6/1125.jpg,training
M007/T6/1134.jpg,training
M007/T6/1303.jpg,training
M007/T6/1375.jpg,training
M007/T6/1427.jpg,training
M007/T7/0157.jpg,training
M007/T7/0195.jpg,training
M007/T7/0305.jpg,training
M007/T7/0309.jpg,training
M007/T7/0321.jpg,training
M007/T7/0329.jpg,training
M007/T7/0374.jpg,training
M007/T7/0483.jpg,training
M007/T7/0486.jpg,training
M007/T8/089.jpg,training
M007/T8/141.jpg,training
M007/T8/218.jpg,training
M007/T8/277.jpg,training
M007/T8/334.jpg,training
M007/T8/409.jpg,training
M007/T8/475.jpg,training
M007/T8/494.jpg,training
M008/T1/226.jpg,training
M008/T1/253.jpg,training
M008/T1/291.jpg,training
M008/T1/342.jpg,training
M008/T1/401.jpg,training
M008/T1/456.jpg,training
M008/T1/498.jpg,training
M008/T1/590.jpg,training
M008/T1/624.jpg,training
M008/T2/0238.jpg,training
M008/T2/0298.jpg,training
M008/T2/0307.jpg,training
M008/T2/0376.jpg,training
M008/T2/0414.jpg,training
M008/T2/0443.jpg,training
M008/T2/0445.jpg,training
M008/T2/0491.jpg,training
M008/T2/0547.jpg,training
M008/T3/024.jpg,training
M008/T3/041.jpg,training
M008/T3/148.jpg,training
M008/T3/158.jpg,training
M008/T3/174.jpg,training
M008/T3/207.jpg,training
M008/T3/213.jpg,training
M008/T3/227.jpg,training
M008/T3/257.jpg,training
M008/T4/0033.jpg,training
M008/T4/0076.jpg,training
M008/T4/0124.jpg,training
M008/T4/0139.jpg,training
M008/T4/0185.jpg,training
M008/T4/0245.jpg,training
M008/T4/0281.jpg,training
M008/T4/0302.jpg,training
M008/T4/0426.jpg,training
M008/T5/0906.jpg,training
M008/T5/0922.jpg,training
M008/T5/0957.jpg,training
M008/T5/0998.jpg,training
M008/T5/1045.jpg,training
M008/T5/1080.jpg,training
M008/T5/1190.jpg,training
M008/T5/1282.jpg,training
M008/T5/1337.jpg,training
M008/T6/0077.jpg,training
M008/T6/0103.jpg,training
M008/T6/0127.jpg,training
M008/T6/0162.jpg,training
M008/T6/0226.jpg,training
M008/T6/0261.jpg,training
M008/T6/0333.jpg,training
M008/T6/0557.jpg,training
M008/T7/0519.jpg,training
M008/T7/0546.jpg,training
M008/T7/0563.jpg,training
M008/T7/0602.jpg,training
M008/T7/0625.jpg,training
M008/T7/0703.jpg,training
M008/T7/0713.jpg,training
M008/T7/0768.jpg,training
M008/T7/0880.jpg,training
M008/T7/0911.jpg,training
M008/T8/008.jpg,training
M008/T8/034.jpg,training
M008/T8/057.jpg,training
M008/T8/062.jpg,training
M008/T8/073.jpg,training
M008/T8/087.jpg,training
M008/T8/091.jpg,training
M008/T8/101.jpg,training
M009/T1/214.jpg,training
M009/T1/361.jpg,training
M009/T1/364.jpg,training
M009/T1/451.jpg,training
M009/T2/0536.jpg,training
M009/T2/0547.jpg,training
M009/T2/0617.jpg,training
M009/T2/0651.jpg,training
M009/T2/0682.jpg,training
M009/T2/0810.jpg,training
M009/T2/0824.jpg,training
M009/T2/0849.jpg,training
M009/T2/0964.jpg,training
M009/T3/038.jpg,training
M009/T3/097.jpg,training
M009/T3/104.jpg,training
M009/T3/145.jpg,training
M009/T3/185.jpg,training
M009/T3/206.jpg,training
M009/T3/211.jpg,training
M009/T4/0400.jpg,training
M009/T4/0409.jpg,training
M009/T4/0565.jpg,training
M009/T4/0570.jpg,training
M009/T4/0672.jpg,training
M009/T4/0696.jpg,training
M009/T4/0883.jpg,training
M009/T5/0461.jpg,training
M009/T5/0485.jpg,training
M009/T5/0492.jpg,training
M009/T5/0596.jpg,training
M009/T5/0626.jpg,training
M009/T5/0668.jpg,training
M009/T5/0728.jpg,training
M009/T5/0734.jpg,training
M009/T6/304.jpg,training
M009/T6/370.jpg,training
M009/T6/399.jpg,training
M009/T6/456.jpg,training
M009/T6/530.jpg,training
M009/T6/540.jpg,training
M009/T6/559.jpg,training
M009/T6/654.jpg,training
M009/T7/0800.jpg,training
M009/T7/0835.jpg,training
M009/T7/0837.jpg,training
M009/T7/1122.jpg,training
M009/T7/1139.jpg,training
M009/T7/1166.jpg,training
M009/T7/1192.jpg,training
M009/T7/1215.jpg,training
M009/T8/008.jpg,training
M009/T8/019.jpg,training
M009/T8/035.jpg,training
M009/T8/039.jpg,training
M009/T8/117.jpg,training
M010/T1/134.jpg,training
M010/T1/267.jpg,training
M010/T1/275.jpg,training
M010/T1/282.jpg,training
M010/T1/320.jpg,training
M010/T1/350.jpg,training
M010/T1/459.jpg,training
M010/T1/543.jpg,training
M010/T1/544.jpg,training
M010/T2/1132.jpg,training
M010/T2/1194.jpg,training
M010/T2/1234.jpg,training
M010/T2/1262.jpg,training
M010/T2/1362.jpg,training
M010/T2/1377.jpg,training
M010/T2/1409.jpg,training
M010/T2/1457.jpg,training
M010/T3/002.jpg,training
M010/T3/044.jpg,training
M010/T3/088.jpg,training
M010/T3/118.jpg,training
M010/T3/124.jpg,training
M010/T3/139.jpg,training
M010/T3/265.jpg,training
M010/T3/300.jpg,training
M010/T4/0444.jpg,training
M010/T4/0539.jpg,training
M010/T4/0554.jpg,training
M010/T4/0564.jpg,training
M010/T4/0660.jpg,training
M010/T4/0727.jpg,training
M010/T4/0749.jpg,training
M010/T4/0853.jpg,training
M010/T5/0599.jpg,training
M010/T5/0604.jpg,training
M010/T5/0658.jpg,training
M010/T5/0714.jpg,training
M010/T5/0781.jpg,training
M010/T5/0871.jpg,training
M010/T5/0885.jpg,training
M010/T5/0892.jpg,training
M010/T5/0944.jpg,training
M010/T6/566.jpg,training
M010/T6/617.jpg,training
M010/T6/642.jpg,training
M010/T6/655.jpg,training
M010/T6/711.jpg,training
M010/T6/737.jpg,training
M010/T6/747.jpg,training
M010/T6/885.jpg,training
M010/T6/978.jpg,training
M010/T7/011.jpg,training
M010/T7/177.jpg,training
M010/T7/222.jpg,training
M010/T7/276.jpg,training
M010/T7/386.jpg,training
M010/T7/403.jpg,training
M010/T7/462.jpg,training
M010/T8/013.jpg,training
M010/T8/017.jpg,training
M010/T8/032.jpg,training
M010/T8/046.jpg,training
M010/T8/061.jpg,training
M010/T8/064.jpg,training
M010/T8/124.jpg,training
M010/T8/136.jpg,training
M010/T8/138.jpg,training
M010/T8/142.jpg,training
M011/T1/0736.jpg,training
M011/T1/0833.jpg,training
M011/T1/0838.jpg,training
M011/T1/0849.jpg,training
M011/T1/0970.jpg,training
M011/T1/0983.jpg,training
M011/T1/1110.jpg,training
M011/T1/1131.jpg,training
M011/T1/1166.jpg,training
M011/T1/1207.jpg,training
M011/T2/0117.jpg,training
M011/T2/0133.jpg,training
M011/T2/0160.jpg,training
M011/T2/0219.jpg,training
M011/T2/0229.jpg,training
M011/T2/0252.jpg,training
M011/T2/0430.jpg,training
M011/T2/0486.jpg,training
M011/T3/039.jpg,training
M011/T3/040.jpg,training
M011/T3/117.jpg,training
M011/T3/142.jpg,training
M011/T3/170.jpg,training
M011/T3/226.jpg,training
M011/T3/242.jpg,training
M011/T3/254.jpg,training
M011/T4/467.jpg,training
M011/T4/555.jpg,training
M011/T4/567.jpg,training
M011/T4/643.jpg,training
M011/T4/669.jpg,training
M011/T4/732.jpg,training
M011/T4/796.jpg,training
M011/T4/834.jpg,training
M011/T4/848.jpg,training
M011/T5/0638.jpg,training
M011/T5/0737.jpg,training
M011/T5/0838.jpg,training
M011/T5/0876.jpg,training
M011/T5/0879.jpg,training
M011/T5/0899.jpg,training
M011/T5/0943.jpg,training
M011/T5/1053.jpg,training
M011/T6/0874.jpg,training
M011/T6/0941.jpg,training
M011/T6/0946.jpg,training
M011/T6/1039.jpg,training
M011/T6/1147.jpg,training
M011/T6/1168.jpg,training
M011/T6/1274.jpg,training
M011/T6/1329.jpg,training
M011/T7/1527.jpg,training
M011/T7/1614.jpg,training
M011/T7/1680.jpg,training
M011/T7/1741.jpg,training
M011/T7/1743.jpg,training
M011/T7/1889.jpg,training
M011/T7/1893.jpg,training
M011/T7/1907.jpg,training
M011/T7/1978.jpg,training
M011/T8/028.jpg,training
M011/T8/036.jpg,training
M011/T8/038.jpg,training
M011/T8/092.jpg,training
M011/T8/108.jpg,training
M011/T8/124.jpg,training
M011/T8/138.jpg,training
M011/T8/180.jpg,training
M011/T8/191.jpg,training
M011/T8/205.jpg,training
M012/T1/0723.jpg,training
M012/T1/0826.jpg,training
M012/T1/0833.jpg,training
M012/T1/1084.jpg,training
M012/T1/1087.jpg,training
M012/T1/1126.jpg,training
M012/T1/1144.jpg,training
M012/T1/1147.jpg,training
M012/T2/0363.jpg,training
M012/T2/0429.jpg,training
M012/T2/0434.jpg,training
M012/T2/0519.jpg,training
M012/T2/0599.jpg,training
M012/T2/0760.jpg,training
M012/T3/015.jpg,training
M012/T3/092.jpg,training
M012/T3/143.jpg,training
M012/T3/185.jpg,training
M012/T3/206.jpg,training
M012/T3/281.jpg,training
M012/T3/294.jpg,training
M012/T3/313.jpg,training
M012/T4/1041.jpg,training
M012/T4/1050.jpg,training
M012/T4/1053.jpg,training
M012/T4/1085.jpg,training
M012/T4/1147.jpg,training
M012/T4/1166.jpg,training
M012/T4/1209.jpg,training
M012/T4/1263.jpg,training
M012/T4/1330.jpg,training
M012/T5/0677.jpg,training
M012/T5/0699.jpg,training
M012/T5/0719.jpg,training
M012/T5/0803.jpg,training
M012/T5/0804.jpg,training
M012/T5/0906.jpg,training
M012/T5/0932.jpg,training
M012/T5/1001.jpg,training
M012/T6/0025.jpg,training
M012/T6/0067.jpg,training
M012/T6/0139.jpg,training
M012/T6/0193.jpg,training
M012/T6/0342.jpg,training
M012/T6/0412.jpg,training
M012/T6/0448.jpg,training
M012/T6/0467.jpg,training
M012/T7/0002.jpg,training
M012/T7/0062.jpg,training
M012/T7/0190.jpg,training
M012/T7/0241.jpg,training
M012/T7/0321.jpg,training
M012/T7/0350.jpg,training
M012/T7/0379.jpg,training
M012/T7/0419.jpg,training
M012/T8/004.jpg,training
M012/T8/006.jpg,training
M012/T8/155.jpg,training
M012/T8/220.jpg,training
M012/T8/241.jpg,training
M012/T8/257.jpg,training
M012/T8/274.jpg,training
M012/T8/283.jpg,training
M013/T1/0696.jpg,training
M013/T1/0716.jpg,training
M013/T1/0741.jpg,training
M013/T1/0825.jpg,training
M013/T1/0880.jpg,training
M013/T1/0980.jpg,training
M013/T1/1071.jpg,training
M013/T1/1093.jpg,training
M013/T1/1141.jpg,training
M013/T2/0129.jpg,training
M013/T2/0133.jpg,training
M013/T2/0219.jpg,training
M013/T2/0289.jpg,training
M013/T2/0307.jpg,training
M013/T2/0344.jpg,training
M013/T2/0354.jpg,training
M013/T2/0405.jpg,training
M013/T2/0463.jpg,training
M013/T3/042.jpg,training
M013/T3/101.jpg,training
M013/T3/122.jpg,training
M013/T3/136.jpg,training
M013/T3/173.jpg,training
M013/T3/246.jpg,training
M013/T3/286.jpg,training
M013/T3/292.jpg,training
M013/T3/306.jpg,training
M013/T4/0397.jpg,training
M013/T4/0443.jpg,training
M013/T4/0464.jpg,training
M013/T4/0551.jpg,training
M013/T4/0588.jpg,training
M013/T4/0626.jpg,training
M013/T4/0659.jpg,training
M013/T5/030.jpg,training
M013/T5/168.jpg,training
M013/T5/198.jpg,training
M013/T5/246.jpg,training
M013/T5/307.jpg,training
M013/T5/310.jpg,training
M013/T5/335.jpg,training
M013/T5/416.jpg,training
M013/T6/005.jpg,training
M013/T6/017.jpg,training
M013/T6/035.jpg,training
M013/T6/192.jpg,training
M013/T6/367.jpg,training
M013/T6/389.jpg,training
M013/T6/432.jpg,training
M013/T6/461.jpg,training
M013/T7/0194.jpg,training
M013/T7/0291.jpg,training
M013/T7/0305.jpg,training
M013/T7/0331.jpg,training
M013/T7/0414.jpg,training
M013/T7/0424.jpg,training
M013/T7/0453.jpg,training
M013/T8/056.jpg,training
M013/T8/091.jpg,training
M013/T8/145.jpg,training
M013/T8/174.jpg,training
M013/T8/216.jpg,training
M013/T8/259.jpg,training
M013/T8/261.jpg,training
M014/T1/502.jpg,training
M014/T1/563.jpg,training
M014/T1/647.jpg,training
M014/T1/662.jpg,training
M014/T1/684.jpg,training
M014/T1/716.jpg,training
M014/T1/790.jpg,training
M014/T1/831.jpg,training
M014/T1/832.jpg,training
M014/T2/0201.jpg,training
M014/T2/0240.jpg,training
M014/T2/0275.jpg,training
M014/T2/0349.jpg,training
M014/T2/0357.jpg,training
M014/T2/0380.jpg,training
M014/T2/0459.jpg,training
M014/T3/086.jpg,training
M014/T3/092.jpg,training
M014/T3/130.jpg,training
M014/T3/131.jpg,training
M014/T3/140.jpg,training
M014/T3/284.jpg,training
M014/T3/322.jpg,training
M014/T4/0622.jpg,training
M014/T4/0656.jpg,training
M014/T4/0686.jpg,training
M014/T4/0929.jpg,training
M014/T4/0954.jpg,training
M014/T4/0956.jpg,training
M014/T4/0991.jpg,training
M014/T5/0850.jpg,training
M014/T5/1011.jpg,training
M014/T5/1025.jpg,training
M014/T5/1161.jpg,training
M014/T5/1226.jpg,training
M014/T5/1234.jpg,training
M014/T5/1304.jpg,training
M014/T5/1307.jpg,training
M014/T5/1316.jpg,training
M014/T6/0223.jpg,training
M014/T6/0250.jpg,training
M014/T6/0364.jpg,training
M014/T6/0398.jpg,training
M014/T6/0427.jpg,training
M014/T6/0461.jpg,training
M014/T6/0485.jpg,training
M014/T7/0649.jpg,training
M014/T7/0816.jpg,training
M014/T7/0941.jpg,training
M014/T8/025.jpg,training
M014/T8/031.jpg,training
M014/T8/051.jpg,training
M014/T8/073.jpg,training
M014/T8/108.jpg,training
M014/T8/122.jpg,training
M014/T8/124.jpg,training
M014/T8/174.jpg,training
M015/T1/0687.jpg,training
M015/T1/0689.jpg,training
M015/T1/0759.jpg,training
M015/T1/1071.jpg,training
M015/T2/0741.jpg,training
M015/T2/0747.jpg,training
M015/T2/0834.jpg,training
M015/T2/0848.jpg,training
M015/T2/0887.jpg,training
M015/T2/0924.jpg,training
M015/T2/1003.jpg,training
M015/T2/1077.jpg,training
M015/T2/1187.jpg,training
M015/T2/1188.jpg,training
M015/T3/011.jpg,training
M015/T3/031.jpg,training
M015/T3/047.jpg,training
M015/T3/060.jpg,training
M015/T3/070.jpg,training
M015/T3/107.jpg,training
M015/T3/158.jpg,training
M015/T3/261.jpg,training
M015/T3/302.jpg,training
M015/T4/0820.jpg,training
M015/T4/0839.jpg,training
M015/T4/0937.jpg,training
M015/T4/0973.jpg,training
M015/T4/0975.jpg,training
M015/T4/1019.jpg,training
M015/T4/1033.jpg,training
M015/T4/1042.jpg,training
M015/T4/1072.jpg,training
F001/T1/2596.jpg,test
F001/T2/0759.jpg,test
F001/T2/0883.jpg,test
F001/T2/1163.jpg,test
F001/T2/1260.jpg,test
F001/T3/135.jpg,test
F001/T3/230.jpg,test
F001/T4/0944.jpg,test
F001/T5/0076.jpg,test
F001/T5/0428.jpg,test
F001/T6/024.jpg,test
F001/T6/486.jpg,test
F001/T7/0425.jpg,test
F001/T7/0717.jpg,test
F001/T7/0782.jpg,test
F001/T8/715.jpg,test
F001/T8/743.jpg,test
F002/T1/0128.jpg,test
F002/T1/0376.jpg,test
F002/T2/0134.jpg,test
F002/T2/0362.jpg,test
F002/T3/010.jpg,test
F002/T4/1532.jpg,test
F002/T4/1887.jpg,test
F002/T5/0979.jpg,test
F002/T6/0089.jpg,test
F002/T6/0483.jpg,test
F002/T7/0663.jpg,test
F002/T7/1087.jpg,test
F002/T7/1099.jpg,test
F002/T7/1114.jpg,test
F002/T8/0925.jpg,test
F002/T8/0979.jpg,test
F003/T1/0767.jpg,test
F003/T1/0951.jpg,test
F003/T1/1091.jpg,test
F003/T2/1355.jpg,test
F003/T2/1466.jpg,test
F003/T2/1468.jpg,test
F003/T3/144.jpg,test
F003/T3/252.jpg,test
F003/T4/0637.jpg,test
F003/T4/0653.jpg,test
F003/T5/0647.jpg,test
F003/T5/0802.jpg,test
F003/T6/068.jpg,test
F003/T6/080.jpg,test
F003/T6/108.jpg,test
F003/T6/197.jpg,test
F003/T7/0003.jpg,test
F003/T7/0017.jpg,test
F003/T7/0182.jpg,test
F003/T7/0202.jpg,test
F003/T8/721.jpg,test
F004/T2/1335.jpg,test
F004/T3/057.jpg,test
F004/T3/076.jpg,test
F004/T3/201.jpg,test
F004/T3/228.jpg,test
F004/T4/1120.jpg,test
F004/T4/1522.jpg,test
F004/T5/0668.jpg,test
F004/T5/0944.jpg,test
F004/T6/0024.jpg,test
F004/T6/0413.jpg,test
F004/T7/1454.jpg,test
F004/T8/018.jpg,test
F004/T8/034.jpg,test
F004/T8/073.jpg,test
F004/T8/180.jpg,test
F004/T8/207.jpg,test
F005/T1/1006.jpg,test
F005/T1/1054.jpg,test
F005/T1/1128.jpg,test
F005/T1/1258.jpg,test
F005/T2/1216.jpg,test
F005/T2/1225.jpg,test
F005/T2/1481.jpg,test
F005/T2/1516.jpg,test
F005/T4/0680.jpg,test
F005/T4/0706.jpg,test
F005/T4/1070.jpg,test
F005/T5/0890.jpg,test
F005/T5/1061.jpg,test
F005/T6/415.jpg,test
F005/T6/734.jpg,test
F005/T7/0385.jpg,test
F005/T8/299.jpg,test
F006/T1/478.jpg,test
F006/T2/1145.jpg,test
F006/T3/208.jpg,test
F006/T4/0530.jpg,test
F006/T4/0682.jpg,test
F006/T4/0691.jpg,test
F006/T4/0723.jpg,test
F006/T5/0539.jpg,test
F006/T5/0908.jpg,test
F006/T6/206.jpg,test
F006/T6/526.jpg,test
F006/T6/665.jpg,test
F006/T7/0511.jpg,test
F006/T7/0513.jpg,test
F006/T7/0604.jpg,test
F006/T8/016.jpg,test
F006/T8/255.jpg,test
F007/T1/0718.jpg,test
F007/T1/0933.jpg,test
F007/T2/0057.jpg,test
F007/T3/017.jpg,test
F007/T3/126.jpg,test
F007/T4/1136.jpg,test
F007/T5/0145.jpg,test
F007/T5/0534.jpg,test
F007/T5/0552.jpg,test
F007/T6/159.jpg,test
F007/T6/257.jpg,test
F007/T8/097.jpg,test
F007/T8/142.jpg,test
F007/T8/181.jpg,test
F008/T1/0331.jpg,test
F008/T2/1240.jpg,test
F008/T2/1243.jpg,test
F008/T3/121.jpg,test
F008/T3/199.jpg,test
F008/T4/0784.jpg,test
F008/T4/0898.jpg,test
F008/T5/0590.jpg,test
F008/T5/0595.jpg,test
F008/T5/0866.jpg,test
F008/T6/459.jpg,test
F008/T7/1198.jpg,test
F008/T7/1245.jpg,test
F008/T7/1324.jpg,test
F008/T7/1446.jpg,test
F008/T8/161.jpg,test
F009/T1/0830.jpg,test
F009/T1/0840.jpg,test
F009/T2/0013.jpg,test
F009/T2/0031.jpg,test
F009/T2/0051.jpg,test
F009/T2/0299.jpg,test
F009/T3/167.jpg,test
F009/T3/247.jpg,test
F009/T3/334.jpg,test
F009/T4/0187.jpg,test
F009/T4/0227.jpg,test
F009/T4/0385.jpg,test
F009/T4/0451.jpg,test
F009/T4/0498.jpg,test
F009/T4/0535.jpg,test
F009/T5/0352.jpg,test
F009/T5/0374.jpg,test
F009/T5/0412.jpg,test
F009/T6/0705.jpg,test
F009/T6/0780.jpg,test
F009/T7/1223.jpg,test
F009/T7/1333.jpg,test
F009/T8/065.jpg,test
F009/T8/105.jpg,test
F009/T8/108.jpg,test
F009/T8/110.jpg,test
F010/T1/0382.jpg,test
F010/T1/0603.jpg,test
F010/T1/0644.jpg,test
F010/T2/1380.jpg,test
F010/T2/1540.jpg,test
F010/T3/240.jpg,test
F010/T3/305.jpg,test
F010/T4/0338.jpg,test
F010/T5/098.jpg,test
F010/T5/147.jpg,test
F010/T5/451.jpg,test
F010/T6/0439.jpg,test
F010/T7/0175.jpg,test
F010/T7/0545.jpg,test
F010/T8/067.jpg,test
F010/T8/091.jpg,test
F010/T8/114.jpg,test
F011/T1/795.jpg,test
F011/T2/1007.jpg,test
F011/T3/003.jpg,test
F011/T3/006.jpg,test
F011/T3/071.jpg,test
F011/T3/125.jpg,test
F011/T3/179.jpg,test
F011/T4/0153.jpg,test
F011/T5/1106.jpg,test
F011/T5/1354.jpg,test
F011/T6/0914.jpg,test
F011/T6/0994.jpg,test
F011/T8/051.jpg,test
F011/T8/149.jpg,test
F011/T8/307.jpg,test
F012/T1/631.jpg,test
F012/T2/1257.jpg,test
F012/T2/1538.jpg,test
F012/T3/311.jpg,test
F012/T3/345.jpg,test
F012/T4/0917.jpg,test
F012/T4/1191.jpg,test
F012/T6/0493.jpg,test
F012/T8/057.jpg,test
F012/T8/128.jpg,test
F013/T1/691.jpg,test
F013/T1/813.jpg,test
F013/T2/0133.jpg,test
F013/T3/029.jpg,test
F013/T3/068.jpg,test
F013/T3/122.jpg,test
F013/T3/324.jpg,test
F013/T5/0201.jpg,test
F013/T5/0393.jpg,test
F013/T6/1181.jpg,test
F013/T6/1391.jpg,test
F013/T7/0670.jpg,test
F013/T7/0704.jpg,test
F013/T7/0973.jpg,test
F013/T8/025.jpg,test
F013/T8/041.jpg,test
F013/T8/119.jpg,test
F014/T1/0478.jpg,test
F014/T1/0547.jpg,test
F014/T1/0587.jpg,test
F014/T1/0656.jpg,test
F014/T2/0768.jpg,test
F014/T3/068.jpg,test
F014/T3/171.jpg,test
F014/T3/216.jpg,test
F014/T4/381.jpg,test
F014/T5/0699.jpg,test
F014/T5/0789.jpg,test
F014/T6/586.jpg,test
F014/T6/617.jpg,test
F014/T6/783.jpg,test
F014/T7/0647.jpg,test
F014/T7/0660.jpg,test
F014/T7/1057.jpg,test
F014/T7/1070.jpg,test
F014/T8/241.jpg,test
F015/T1/0764.jpg,test
F015/T1/1006.jpg,test
F015/T2/1261.jpg,test
F015/T3/086.jpg,test
F015/T4/1958.jpg,test
F015/T5/0211.jpg,test
F015/T5/0454.jpg,test
F015/T6/1155.jpg,test
F015/T6/1469.jpg,test
F015/T8/099.jpg,test
F015/T8/114.jpg,test
F016/T1/314.jpg,test
F016/T1/349.jpg,test
F016/T1/403.jpg,test
F016/T1/447.jpg,test
F016/T2/0584.jpg,test
F016/T2/0695.jpg,test
F016/T2/0795.jpg,test
F016/T4/1195.jpg,test
F016/T4/1196.jpg,test
F016/T6/1104.jpg,test
F016/T6/1207.jpg,test
F016/T7/0262.jpg,test
F016/T7/0411.jpg,test
F016/T7/0457.jpg,test
F016/T8/177.jpg,test
F016/T8/224.jpg,test
F017/T1/0458.jpg,test
F017/T1/0473.jpg,test
F017/T1/0526.jpg,test
F017/T2/1249.jpg,test
F017/T3/209.jpg,test
F017/T3/328.jpg,test
F017/T4/0484.jpg,test
F017/T4/0491.jpg,test
F017/T5/0410.jpg,test
F017/T5/0530.jpg,test
F017/T6/0860.jpg,test
F017/T7/1227.jpg,test
F017/T7/1292.jpg,test
F017/T7/1421.jpg,test
F017/T8/009.jpg,test
F017/T8/028.jpg,test
F017/T8/099.jpg,test
F018/T1/0686.jpg,test
F018/T1/0728.jpg,test
F018/T1/0991.jpg,test
F018/T2/0081.jpg,test
F018/T2/0222.jpg,test
F018/T3/046.jpg,test
F018/T5/0467.jpg,test
F018/T5/0610.jpg,test
F018/T6/0906.jpg,test
F018/T6/1211.jpg,test
F018/T7/1439.jpg,test
F018/T7/1545.jpg,test
F018/T7/1704.jpg,test
F018/T7/1782.jpg,test
F019/T1/203.jpg,test
F019/T1/272.jpg,test
F019/T1/312.jpg,test
F019/T1/374.jpg,test
F019/T1/665.jpg,test
F019/T2/0687.jpg,test
F019/T3/002.jpg,test
F019/T3/063.jpg,test
F019/T3/143.jpg,test
F019/T3/252.jpg,test
F019/T4/0108.jpg,test
F019/T4/0266.jpg,test
F019/T4/0361.jpg,test
F019/T4/0371.jpg,test
F019/T5/0267.jpg,test
F019/T6/115.jpg,test
F019/T6/125.jpg,test
F019/T6/239.jpg,test
F019/T7/0836.jpg,test
F019/T7/1160.jpg,test
F019/T8/181.jpg,test
F019/T8/237.jpg,test
F020/T1/1079.jpg,test
F020/T3/077.jpg,test
F020/T4/0429.jpg,test
F020/T5/0280.jpg,test
F020/T5/0441.jpg,test
F020/T6/1222.jpg,test
F020/T6/1246.jpg,test
F020/T7/0997.jpg,test
F020/T7/1084.jpg,test
F020/T7/1208.jpg,test
F020/T8/030.jpg,test
F021/T1/041.jpg,test
F021/T1/150.jpg,test
F021/T1/390.jpg,test
F021/T1/474.jpg,test
F021/T2/1147.jpg,test
F021/T2/1456.jpg,test
F021/T3/003.jpg,test
F021/T3/005.jpg,test
F021/T3/080.jpg,test
F021/T4/0460.jpg,test
F021/T5/907.jpg,test
F021/T6/012.jpg,test
F021/T6/119.jpg,test
F021/T6/183.jpg,test
F021/T6/307.jpg,test
F021/T7/1163.jpg,test
F021/T7/1306.jpg,test
F021/T7/1545.jpg,test
F021/T8/255.jpg,test
F021/T8/387.jpg,test
F022/T1/1211.jpg,test
F022/T3/118.jpg,test
F022/T5/0431.jpg,test
F022/T6/068.jpg,test
F022/T6/254.jpg,test
F022/T7/0597.jpg,test
F022/T8/065.jpg,test
F023/T2/1225.jpg,test
F023/T2/1328.jpg,test
F023/T2/1329.jpg,test
F023/T2/1397.jpg,test
F023/T3/169.jpg,test
F023/T3/175.jpg,test
F023/T3/217.jpg,test
F023/T4/0717.jpg,test
F023/T4/0738.jpg,test
F023/T5/0508.jpg,test
F023/T5/0727.jpg,test
F023/T5/0788.jpg,test
F023/T6/1110.jpg,test
F023/T6/1137.jpg,test
F023/T6/1192.jpg,test
F023/T6/1220.jpg,test
F023/T6/1261.jpg,test
F023/T6/1331.jpg,test
F023/T8/040.jpg,test
F023/T8/108.jpg,test
F023/T8/182.jpg,test
F023/T8/340.jpg,test
M001/T2/0289.jpg,test
M001/T2/0306.jpg,test
M001/T5/882.jpg,test
M001/T5/970.jpg,test
M001/T6/423.jpg,test
M001/T6/613.jpg,test
M001/T7/1197.jpg,test
M001/T8/043.jpg,test
M002/T1/0319.jpg,test
M002/T1/0348.jpg,test
M002/T1/0400.jpg,test
M002/T2/0062.jpg,test
M002/T2/0107.jpg,test
M002/T2/0296.jpg,test
M002/T2/0371.jpg,test
M002/T4/0711.jpg,test
M002/T4/0926.jpg,test
M002/T5/0976.jpg,test
M002/T6/406.jpg,test
M002/T6/597.jpg,test
M002/T6/725.jpg,test
M002/T7/1043.jpg,test
M002/T7/1087.jpg,test
M002/T7/1153.jpg,test
M002/T7/1365.jpg,test
M002/T8/664.jpg,test
M002/T8/684.jpg,test
M003/T1/668.jpg,test
M003/T1/697.jpg,test
M003/T2/1199.jpg,test
M003/T3/032.jpg,test
M003/T4/1466.jpg,test
M003/T4/1854.jpg,test
M003/T5/0939.jpg,test
M003/T5/0975.jpg,test
M003/T6/067.jpg,test
M003/T6/202.jpg,test
M003/T6/261.jpg,test
M003/T8/096.jpg,test
M003/T8/215.jpg,test
M004/T1/729.jpg,test
M004/T2/1118.jpg,test
M004/T3/085.jpg,test
M004/T3/161.jpg,test
M004/T4/1017.jpg,test
M004/T4/1249.jpg,test
M004/T4/1478.jpg,test
M004/T5/345.jpg,test
M004/T5/561.jpg,test
M004/T5/567.jpg,test
M004/T5/637.jpg,test
M004/T5/643.jpg,test
M004/T5/742.jpg,test
M004/T6/336.jpg,test
M004/T7/0404.jpg,test
M004/T7/0429.jpg,test
M004/T7/0475.jpg,test
M004/T7/0545.jpg,test
M004/T7/0654.jpg,test
M004/T8/036.jpg,test
M004/T8/106.jpg,test
M005/T1/502.jpg,test
M005/T2/1378.jpg,test
M005/T3/163.jpg,test
M005/T4/0498.jpg,test
M005/T5/0231.jpg,test
M005/T5/0428.jpg,test
M005/T6/338.jpg,test
M005/T6/349.jpg,test
M005/T7/1142.jpg,test
M005/T8/66.jpg,test
M006/T3/107.jpg,test
M006/T3/190.jpg,test
M006/T3/191.jpg,test
M006/T3/202.jpg,test
M006/T4/0615.jpg,test
M006/T6/0632.jpg,test
M006/T6/0833.jpg,test
M006/T6/0866.jpg,test
M006/T6/0986.jpg,test
M006/T7/0868.jpg,test
M006/T7/1083.jpg,test
M006/T8/0801.jpg,test
M007/T1/456.jpg,test
M007/T1/572.jpg,test
M007/T1/622.jpg,test
M007/T1/734.jpg,test
M007/T2/1372.jpg,test
M007/T3/254.jpg,test
M007/T4/0038.jpg,test
M007/T4/0112.jpg,test
M007/T4/0255.jpg,test
M007/T4/0282.jpg,test
M007/T4/0296.jpg,test
M007/T4/0356.jpg,test
M007/T5/490.jpg,test
M007/T6/1112.jpg,test
M007/T6/1231.jpg,test
M007/T6/1438.jpg,test
M007/T7/0396.jpg,test
M007/T8/087.jpg,test
M007/T8/442.jpg,test
M008/T1/243.jpg,test
M008/T2/0279.jpg,test
M008/T3/163.jpg,test
M008/T4/0175.jpg,test
M008/T5/1043.jpg,test
M008/T6/0241.jpg,test
M008/T6/0326.jpg,test
M008/T8/104.jpg,test
M008/T8/108.jpg,test
M009/T1/129.jpg,test
M009/T1/246.jpg,test
M009/T1/333.jpg,test
M009/T1/418.jpg,test
M009/T1/504.jpg,test
M009/T1/508.jpg,test
M009/T2/0762.jpg,test
M009/T3/034.jpg,test
M009/T3/116.jpg,test
M009/T3/179.jpg,test
M009/T4/0459.jpg,test
M009/T4/0737.jpg,test
M009/T4/0763.jpg,test
M009/T5/0476.jpg,test
M009/T5/0798.jpg,test
M009/T6/206.jpg,test
M009/T6/625.jpg,test
M009/T7/0994.jpg,test
M009/T7/1204.jpg,test
M009/T8/044.jpg,test
M009/T8/049.jpg,test
M009/T8/058.jpg,test
M009/T8/075.jpg,test
M009/T8/118.jpg,test
M010/T1/302.jpg,test
M010/T2/1051.jpg,test
M010/T2/1371.jpg,test
M010/T3/051.jpg,test
M010/T3/275.jpg,test
M010/T4/0696.jpg,test
M010/T4/0814.jpg,test
M010/T5/0779.jpg,test
M010/T6/612.jpg,test
M010/T7/147.jpg,test
M010/T7/211.jpg,test
M010/T7/338.jpg,test
M011/T2/0289.jpg,test
M011/T2/0412.jpg,test
M011/T3/057.jpg,test
M011/T3/238.jpg,test
M011/T4/684.jpg,test
M011/T5/0723.jpg,test
M011/T5/1041.jpg,test
M011/T6/1117.jpg,test
M011/T6/1158.jpg,test
M011/T7/1731.jpg,test
M012/T1/0915.jpg,test
M012/T1/0965.jpg,test
M012/T2/0335.jpg,test
M012/T2/0557.jpg,test
M012/T2/0725.jpg,test
M012/T2/0759.jpg,test
M012/T3/204.jpg,test
M012/T3/330.jpg,test
M012/T4/1183.jpg,test
M012/T5/0999.jpg,test
M012/T5/1004.jpg,test
M012/T6/0237.jpg,test
M012/T6/0466.jpg,test
M012/T7/0208.jpg,test
M012/T7/0333.jpg,test
M012/T8/027.jpg,test
M012/T8/150.jpg,test
M013/T1/0798.jpg,test
M013/T2/0252.jpg,test
M013/T3/074.jpg,test
M013/T4/0405.jpg,test
M013/T4/0488.jpg,test
M013/T4/0608.jpg,test
M013/T5/112.jpg,test
M013/T5/329.jpg,test
M013/T6/125.jpg,test
M013/T6/425.jpg,test
M013/T7/0400.jpg,test
M013/T7/0422.jpg,test
M013/T7/0483.jpg,test
M013/T8/015.jpg,test
M013/T8/065.jpg,test
M013/T8/104.jpg,test
M014/T1/435.jpg,test
M014/T2/0039.jpg,test
M014/T2/0125.jpg,test
M014/T2/0327.jpg,test
M014/T3/015.jpg,test
M014/T3/177.jpg,test
M014/T3/306.jpg,test
M014/T4/0632.jpg,test
M014/T4/0791.jpg,test
M014/T4/1033.jpg,test
M014/T5/1059.jpg,test
M014/T6/0440.jpg,test
M014/T6/0459.jpg,test
M014/T6/0478.jpg,test
M014/T7/0731.jpg,test
M014/T7/0736.jpg,test
M014/T7/0740.jpg,test
M014/T7/0741.jpg,test
M014/T7/0803.jpg,test
M014/T7/0896.jpg,test
M014/T7/1108.jpg,test
M014/T8/009.jpg,test
M014/T8/045.jpg,test
M015/T1/0729.jpg,test
M015/T1/0933.jpg,test
M015/T1/0943.jpg,test
M015/T1/1026.jpg,test
M015/T1/1240.jpg,test
M015/T1/1278.jpg,test
M015/T3/251.jpg,test
M015/T4/1068.jpg,test
