M001/T1/0730.jpg,training
M001/T1/0735.jpg,training
M001/T1/0764.jpg,training
M001/T1/0814.jpg,training
M001/T1/0827.jpg,training
M001/T1/0829.jpg,training
M001/T1/0831.jpg,training
M001/T1/0869.jpg,training
M001/T1/0871.jpg,training
M001/T1/0884.jpg,training
M001/T1/0889.jpg,training
M001/T1/0923.jpg,training
M001/T1/0968.jpg,training
M001/T1/0974.jpg,training
M001/T1/1066.jpg,training
M001/T1/1193.jpg,training
M001/T1/1257.jpg,training
M001/T1/1264.jpg,training
M001/T1/1301.jpg,training
M001/T2/0031.jpg,training
M001/T2/0097.jpg,training
M001/T2/0133.jpg,training
M001/T2/0159.jpg,training
M001/T2/0243.jpg,training
M001/T2/0258.jpg,training
M001/T2/0343.jpg,training
M001/T2/0399.jpg,training
M001/T2/0446.jpg,training
M001/T2/0500.jpg,training
M001/T2/0589.jpg,training
M001/T2/0615.jpg,training
M001/T2/0618.jpg,training
M001/T3/015.jpg,training
M001/T3/030.jpg,training
M001/T3/036.jpg,training
M001/T3/151.jpg,training
M001/T3/175.jpg,training
M001/T3/199.jpg,training
M001/T3/200.jpg,training
M001/T3/243.jpg,training
M001/T3/247.jpg,training
M001/T3/251.jpg,training
M001/T3/252.jpg,training
M001/T3/253.jpg,training
M001/T3/258.jpg,training
M001/T3/267.jpg,training
M001/T3/280.jpg,training
M001/T4/0582.jpg,training
M001/T4/0628.jpg,training
M001/T4/0672.jpg,training
M001/T4/0701.jpg,training
M001/T4/0795.jpg,training
M001/T4/0803.jpg,training
M001/T4/0819.jpg,training
M001/T4/0824.jpg,training
M001/T4/0859.jpg,training
M001/T4/0863.jpg,training
M001/T4/0954.jpg,training
M001/T4/0970.jpg,training
M001/T4/0992.jpg,training
M001/T4/1049.jpg,training
M001/T4/1064.jpg,training
M001/T4/1074.jpg,training
M001/T4/1097.jpg,training
M001/T4/1120.jpg,training
M001/T5/499.jpg,training
M001/T5/522.jpg,training
M001/T5/523.jpg,training
M001/T5/529.jpg,training
M001/T5/556.jpg,training
M001/T5/582.jpg,training
M001/T5/583.jpg,training
M001/T5/673.jpg,training
M001/T5/688.jpg,training
M001/T5/730.jpg,training
M001/T5/735.jpg,training
M001/T5/920.jpg,training
M001/T5/987.jpg,training
M001/T6/169.jpg,training
M001/T6/210.jpg,training
M001/T6/248.jpg,training
M001/T6/260.jpg,training
M001/T6/287.jpg,training
M001/T6/328.jpg,training
M001/T6/344.jpg,training
M001/T6/388.jpg,training
M001/T6/416.jpg,training
M001/T6/427.jpg,training
M001/T6/445.jpg,training
M001/T6/455.jpg,training
M001/T6/467.jpg,training
M001/T6/538.jpg,training
M001/T6/554.jpg,training
M001/T6/610.jpg,training
M001/T6/612.jpg,training
M001/T6/684.jpg,training
M001/T7/0784.jpg,training
M001/T7/0829.jpg,training
M001/T7/0867.jpg,training
M001/T7/0882.jpg,training
M001/T7/0931.jpg,training
M001/T7/1000.jpg,training
M001/T7/1070.jpg,training
M001/T7/1074.jpg,training
M001/T7/1081.jpg,training
M001/T7/1158.jpg,training
M001/T7/1184.jpg,training
M001/T7/1220.jpg,training
M001/T7/1236.jpg,training
M001/T7/1303.jpg,training
M001/T7/1306.jpg,training
M001/T7/1317.jpg,training
M001/T8/013.jpg,training
M001/T8/056.jpg,training
M001/T8/061.jpg,training
M001/T8/106.jpg,training
M001/T8/112.jpg,training
M001/T8/139.jpg,training
M001/T8/183.jpg,training
M001/T8/238.jpg,training
M001/T8/275.jpg,training
M001/T8/280.jpg,training
M001/T8/281.jpg,training
M001/T8/286.jpg,training
M001/T8/298.jpg,training
M001/T8/303.jpg,training
M001/T8/307.jpg,training
M001/T8/320.jpg,training
M001/T8/325.jpg,training
M001/T8/342.jpg,training
M001/T8/354.jpg,training
M002/T1/0207.jpg,training
M002/T1/0241.jpg,training
M002/T1/0256.jpg,training
M002/T1/0324.jpg,training
M002/T1/0350.jpg,training
M002/T1/0393.jpg,training
M002/T1/0413.jpg,training
M002/T1/0499.jpg,training
M002/T1/0509.jpg,training
M002/T1/0528.jpg,training
M002/T1/0545.jpg,training
M002/T1/0571.jpg,training
M002/T1/0575.jpg,training
M002/T1/0594.jpg,training
M002/T1/0628.jpg,training
M002/T1/0650.jpg,training
M002/T1/0658.jpg,training
M002/T1/0684.jpg,training
M002/T1/0690.jpg,training
M002/T2/0075.jpg,training
M002/T2/0089.jpg,training
M002/T2/0095.jpg,training
M002/T2/0107.jpg,training
M002/T2/0113.jpg,training
M002/T2/0161.jpg,training
M002/T2/0178.jpg,training
M002/T2/0327.jpg,training
M002/T2/0344.jpg,training
M002/T2/0356.jpg,training
M002/T2/0458.jpg,training
M002/T2/0491.jpg,training
M002/T2/0501.jpg,training
M002/T2/0504.jpg,training
M002/T2/0512.jpg,training
M002/T2/0531.jpg,training
M002/T2/0565.jpg,training
M002/T2/0566.jpg,training
M002/T3/026.jpg,training
M002/T3/027.jpg,training
M002/T3/053.jpg,training
M002/T3/070.jpg,training
M002/T3/097.jpg,training
M002/T3/151.jpg,training
M002/T3/178.jpg,training
M002/T3/197.jpg,training
M002/T3/244.jpg,training
M002/T3/246.jpg,training
M002/T4/0714.jpg,training
M002/T4/0715.jpg,training
M002/T4/0778.jpg,training
M002/T4/0788.jpg,training
M002/T4/0804.jpg,training
M002/T4/0859.jpg,training
M002/T4/0879.jpg,training
M002/T4/0955.jpg,training
M002/T4/0985.jpg,training
M002/T4/1015.jpg,training
M002/T4/1055.jpg,training
M002/T4/1068.jpg,training
M002/T4/1104.jpg,training
M002/T4/1107.jpg,training
M002/T4/1134.jpg,training
M002/T4/1178.jpg,training
M002/T4/1213.jpg,training
M002/T4/1216.jpg,training
M002/T5/0637.jpg,training
M002/T5/0641.jpg,training
M002/T5/0655.jpg,training
M002/T5/0660.jpg,training
M002/T5/0664.jpg,training
M002/T5/0677.jpg,training
M002/T5/0704.jpg,training
M002/T5/0707.jpg,training
M002/T5/0784.jpg,training
M002/T5/0801.jpg,training
M002/T5/0936.jpg,training
M002/T5/0955.jpg,training
M002/T5/0977.jpg,training
M002/T5/0997.jpg,training
M002/T5/1018.jpg,training
M002/T5/1042.jpg,training
M002/T5/1088.jpg,training
M002/T5/1124.jpg,training
M002/T6/414.jpg,training
M002/T6/428.jpg,training
M002/T6/475.jpg,training
M002/T6/501.jpg,training
M002/T6/544.jpg,training
M002/T6/550.jpg,training
M002/T6/587.jpg,training
M002/T6/618.jpg,training
M002/T6/638.jpg,training
M002/T6/666.jpg,training
M002/T6/704.jpg,training
M002/T6/712.jpg,training
M002/T6/739.jpg,training
M002/T6/763.jpg,training
M002/T6/797.jpg,training
M002/T6/869.jpg,training
M002/T6/896.jpg,training
M002/T7/0810.jpg,training
M002/T7/0815.jpg,training
M002/T7/0869.jpg,training
M002/T7/0977.jpg,training
M002/T7/0988.jpg,training
M002/T7/1002.jpg,training
M002/T7/1020.jpg,training
M002/T7/1027.jpg,training
M002/T7/1073.jpg,training
M002/T7/1160.jpg,training
M002/T7/1169.jpg,training
M002/T7/1212.jpg,training
M002/T7/1223.jpg,training
M002/T7/1233.jpg,training
M002/T7/1256.jpg,training
M002/T7/1257.jpg,training
M002/T7/1289.jpg,training
M002/T7/1350.jpg,training
M002/T8/380.jpg,training
M002/T8/397.jpg,training
M002/T8/417.jpg,training
M002/T8/441.jpg,training
M002/T8/469.jpg,training
M002/T8/492.jpg,training
M002/T8/525.jpg,training
M002/T8/527.jpg,training
M002/T8/532.jpg,training
M002/T8/536.jpg,training
M002/T8/539.jpg,training
M002/T8/563.jpg,training
M002/T8/574.jpg,training
M002/T8/593.jpg,training
M002/T8/628.jpg,training
M002/T8/633.jpg,training
M002/T8/661.jpg,training
M002/T8/663.jpg,training
M002/T8/678.jpg,training
M003/T1/208.jpg,training
M003/T1/209.jpg,training
M003/T1/245.jpg,training
M003/T1/316.jpg,training
M003/T1/317.jpg,training
M003/T1/339.jpg,training
M003/T1/365.jpg,training
M003/T1/406.jpg,training
M003/T1/465.jpg,training
M003/T1/469.jpg,training
M003/T1/517.jpg,training
M003/T1/563.jpg,training
M003/T1/605.jpg,training
M003/T1/611.jpg,training
M003/T1/624.jpg,training
M003/T1/641.jpg,training
M003/T1/653.jpg,training
M003/T1/666.jpg,training
M003/T1/735.jpg,training
M003/T2/1081.jpg,training
M003/T2/1088.jpg,training
M003/T2/1133.jpg,training
M003/T2/1156.jpg,training
M003/T2/1165.jpg,training
M003/T2/1223.jpg,training
M003/T2/1290.jpg,training
M003/T2/1293.jpg,training
M003/T2/1346.jpg,training
M003/T2/1375.jpg,training
M003/T2/1389.jpg,training
M003/T2/1455.jpg,training
M003/T2/1461.jpg,training
M003/T2/1465.jpg,training
M003/T2/1493.jpg,training
M003/T2/1506.jpg,training
M003/T2/1557.jpg,training
M003/T3/015.jpg,training
M003/T3/032.jpg,training
M003/T3/039.jpg,training
M003/T3/055.jpg,training
M003/T3/071.jpg,training
M003/T3/073.jpg,training
M003/T3/097.jpg,training
M003/T3/098.jpg,training
M003/T3/103.jpg,training
M003/T3/129.jpg,training
M003/T3/134.jpg,training
M003/T3/144.jpg,training
M003/T3/168.jpg,training
M003/T3/179.jpg,training
M003/T3/181.jpg,training
M003/T3/192.jpg,training
M003/T3/203.jpg,training
M003/T3/204.jpg,training
M003/T3/230.jpg,training
M003/T4/1454.jpg,training
M003/T4/1483.jpg,training
M003/T4/1490.jpg,training
M003/T4/1537.jpg,training
M003/T4/1570.jpg,training
M003/T4/1582.jpg,training
M003/T4/1644.jpg,training
M003/T4/1707.jpg,training
M003/T4/1730.jpg,training
M003/T4/1804.jpg,training
M003/T4/1826.jpg,training
M003/T4/1870.jpg,training
M003/T4/1885.jpg,training
M003/T5/0876.jpg,training
M003/T5/0929.jpg,training
M003/T5/0955.jpg,training
M003/T5/1007.jpg,training
M003/T5/1071.jpg,training
M003/T5/1077.jpg,training
M003/T5/1096.jpg,training
M003/T5/1208.jpg,training
M003/T5/1211.jpg,training
M003/T5/1261.jpg,training
M003/T5/1265.jpg,training
M003/T5/1268.jpg,training
M003/T5/1272.jpg,training
M003/T5/1312.jpg,training
M003/T5/1351.jpg,training
M003/T6/001.jpg,training
M003/T6/031.jpg,training
M003/T6/037.jpg,training
M003/T6/040.jpg,training
M003/T6/044.jpg,training
M003/T6/070.jpg,training
M003/T6/137.jpg,training
M003/T6/155.jpg,training
M003/T6/175.jpg,training
M003/T6/182.jpg,training
M003/T6/206.jpg,training
M003/T6/209.jpg,training
M003/T6/219.jpg,training
M003/T6/226.jpg,training
M003/T6/240.jpg,training
M003/T6/255.jpg,training
M003/T6/256.jpg,training
M003/T6/263.jpg,training
M003/T6/272.jpg,training
M003/T6/289.jpg,training
M003/T7/1388.jpg,training
M003/T7/1395.jpg,training
M003/T7/1442.jpg,training
M003/T7/1521.jpg,training
M003/T7/1554.jpg,training
M003/T7/1578.jpg,training
M003/T7/1591.jpg,training
M003/T7/1648.jpg,training
M003/T7/1664.jpg,training
M003/T7/1701.jpg,training
M003/T7/1708.jpg,training
M003/T7/1743.jpg,training
M003/T7/1829.jpg,training
M003/T7/1861.jpg,training
M003/T7/1906.jpg,training
M003/T8/011.jpg,training
M003/T8/013.jpg,training
M003/T8/015.jpg,training
M003/T8/039.jpg,training
M003/T8/040.jpg,training
M003/T8/058.jpg,training
M003/T8/059.jpg,training
M003/T8/064.jpg,training
M003/T8/088.jpg,training
M003/T8/093.jpg,training
M003/T8/131.jpg,training
M003/T8/176.jpg,training
M003/T8/211.jpg,training
M003/T8/223.jpg,training
M003/T8/240.jpg,training
M003/T8/253.jpg,training
M003/T8/256.jpg,training
M004/T1/288.jpg,training
M004/T1/308.jpg,training
M004/T1/330.jpg,training
M004/T1/340.jpg,training
M004/T1/344.jpg,training
M004/T1/353.jpg,training
M004/T1/363.jpg,training
M004/T1/441.jpg,training
M004/T1/452.jpg,training
M004/T1/469.jpg,training
M004/T1/478.jpg,training
M004/T1/517.jpg,training
M004/T1/588.jpg,training
M004/T1/656.jpg,training
M004/T1/657.jpg,training
M004/T1/689.jpg,training
M004/T1/701.jpg,training
M004/T1/711.jpg,training
M004/T2/0948.jpg,training
M004/T2/0975.jpg,training
M004/T2/0990.jpg,training
M004/T2/1083.jpg,training
M004/T2/1099.jpg,training
M004/T2/1100.jpg,training
M004/T2/1106.jpg,training
M004/T2/1111.jpg,training
M004/T2/1166.jpg,training
M004/T2/1207.jpg,training
M004/T2/1221.jpg,training
M004/T2/1223.jpg,training
M004/T2/1247.jpg,training
M004/T2/1275.jpg,training
M004/T2/1296.jpg,training
M004/T2/1304.jpg,training
M004/T2/1346.jpg,training
M004/T2/1379.jpg,training
M004/T2/1419.jpg,training
M004/T3/009.jpg,training
M004/T3/014.jpg,training
M004/T3/024.jpg,training
M004/T3/030.jpg,training
M004/T3/049.jpg,training
M004/T3/096.jpg,training
M004/T3/106.jpg,training
M004/T3/133.jpg,training
M004/T3/134.jpg,training
M004/T3/138.jpg,training
M004/T3/155.jpg,training
M004/T3/181.jpg,training
M004/T3/184.jpg,training
M004/T3/218.jpg,training
M004/T3/229.jpg,training
M004/T3/243.jpg,training
M004/T4/0999.jpg,training
M004/T4/1011.jpg,training
M004/T4/1078.jpg,training
M004/T4/1129.jpg,training
M004/T4/1132.jpg,training
M004/T4/1190.jpg,training
M004/T4/1204.jpg,training
M004/T4/1227.jpg,training
M004/T4/1230.jpg,training
M004/T4/1271.jpg,training
M004/T4/1284.jpg,training
M004/T4/1299.jpg,training
M004/T4/1329.jpg,training
M004/T4/1330.jpg,training
M004/T4/1349.jpg,training
M004/T4/1391.jpg,training
M004/T4/1445.jpg,training
M004/T4/1478.jpg,training
M004/T4/1486.jpg,training
M004/T5/369.jpg,training
M004/T5/371.jpg,training
M004/T5/396.jpg,training
M004/T5/407.jpg,training
M004/T5/428.jpg,training
M004/T5/448.jpg,training
M004/T5/457.jpg,training
M004/T5/465.jpg,training
M004/T5/487.jpg,training
M004/T5/515.jpg,training
M004/T5/551.jpg,training
M004/T5/552.jpg,training
M004/T5/674.jpg,training
M004/T5/708.jpg,training
M004/T5/724.jpg,training
M004/T5/728.jpg,training
M004/T5/760.jpg,training
M004/T5/765.jpg,training
M004/T5/787.jpg,training
M004/T5/793.jpg,training
M004/T6/097.jpg,training
M004/T6/174.jpg,training
M004/T6/202.jpg,training
M004/T6/229.jpg,training
M004/T6/258.jpg,training
M004/T6/278.jpg,training
M004/T6/321.jpg,training
M004/T6/322.jpg,training
M004/T6/326.jpg,training
M004/T6/360.jpg,training
M004/T6/362.jpg,training
M004/T6/371.jpg,training
M004/T6/379.jpg,training
M004/T6/450.jpg,training
M004/T6/460.jpg,training
M004/T6/490.jpg,training
M004/T6/507.jpg,training
M004/T6/544.jpg,training
M004/T7/0418.jpg,training
M004/T7/0433.jpg,training
M004/T7/0506.jpg,training
M004/T7/0566.jpg,training
M004/T7/0602.jpg,training
M004/T7/0616.jpg,training
M004/T7/0617.jpg,training
M004/T7/0639.jpg,training
M004/T7/0641.jpg,training
M004/T7/0733.jpg,training
M004/T7/0786.jpg,training
M004/T7/0816.jpg,training
M004/T7/0827.jpg,training
M004/T7/0848.jpg,training
M004/T7/0855.jpg,training
M004/T8/035.jpg,training
M004/T8/044.jpg,training
M004/T8/061.jpg,training
M004/T8/075.jpg,training
M004/T8/077.jpg,training
M004/T8/081.jpg,training
M004/T8/094.jpg,training
M004/T8/106.jpg,training
M004/T8/126.jpg,training
M004/T8/128.jpg,training
M004/T8/131.jpg,training
M004/T8/134.jpg,training
M004/T8/143.jpg,training
M004/T8/146.jpg,training
M004/T8/169.jpg,training
M004/T8/183.jpg,training
M004/T8/197.jpg,training
M004/T8/217.jpg,training
M005/T1/477.jpg,training
M005/T1/486.jpg,training
M005/T1/499.jpg,training
M005/T1/512.jpg,training
M005/T1/518.jpg,training
M005/T1/585.jpg,training
M005/T1/586.jpg,training
M005/T1/606.jpg,training
M005/T1/624.jpg,training
M005/T1/629.jpg,training
M005/T1/651.jpg,training
M005/T1/693.jpg,training
M005/T1/704.jpg,training
M005/T1/761.jpg,training
M005/T1/769.jpg,training
M005/T1/847.jpg,training
M005/T1/878.jpg,training
M005/T2/1076.jpg,training
M005/T2/1121.jpg,training
M005/T2/1169.jpg,training
M005/T2/1187.jpg,training
M005/T2/1234.jpg,training
M005/T2/1237.jpg,training
M005/T2/1285.jpg,training
M005/T2/1317.jpg,training
M005/T2/1334.jpg,training
M005/T2/1437.jpg,training
M005/T2/1448.jpg,training
M005/T2/1513.jpg,training
M005/T2/1565.jpg,training
M005/T2/1578.jpg,training
M005/T2/1596.jpg,training
M005/T3/021.jpg,training
M005/T3/033.jpg,training
M005/T3/036.jpg,training
M005/T3/063.jpg,training
M005/T3/072.jpg,training
M005/T3/087.jpg,training
M005/T3/090.jpg,training
M005/T3/098.jpg,training
M005/T3/101.jpg,training
M005/T3/120.jpg,training
M005/T3/129.jpg,training
M005/T3/137.jpg,training
M005/T3/174.jpg,training
M005/T3/191.jpg,training
M005/T3/215.jpg,training
M005/T4/0449.jpg,training
M005/T4/0450.jpg,training
M005/T4/0463.jpg,training
M005/T4/0466.jpg,training
M005/T4/0497.jpg,training
M005/T4/0508.jpg,training
M005/T4/0513.jpg,training
M005/T4/0531.jpg,training
M005/T4/0553.jpg,training
M005/T4/0556.jpg,training
M005/T4/0566.jpg,training
M005/T4/0585.jpg,training
M005/T4/0590.jpg,training
M005/T4/0713.jpg,training
M005/T4/0725.jpg,training
M005/T5/0050.jpg,training
M005/T5/0085.jpg,training
M005/T5/0126.jpg,training
M005/T5/0178.jpg,training
M005/T5/0199.jpg,training
M005/T5/0227.jpg,training
M005/T5/0253.jpg,training
M005/T5/0262.jpg,training
M005/T5/0269.jpg,training
M005/T5/0276.jpg,training
M005/T5/0278.jpg,training
M005/T5/0281.jpg,training
M005/T5/0300.jpg,training
M005/T5/0311.jpg,training
M005/T5/0359.jpg,training
M005/T5/0387.jpg,training
M005/T5/0388.jpg,training
M005/T5/0458.jpg,training
M005/T5/0498.jpg,training
M005/T6/255.jpg,training
M005/T6/277.jpg,training
M005/T6/327.jpg,training
M005/T6/342.jpg,training
M005/T6/378.jpg,training
M005/T6/434.jpg,training
M005/T6/435.jpg,training
M005/T6/474.jpg,training
M005/T6/480.jpg,training
M005/T6/490.jpg,training
M005/T6/496.jpg,training
M005/T6/500.jpg,training
M005/T6/519.jpg,training
M005/T6/582.jpg,training
M005/T6/627.jpg,training
M005/T6/628.jpg,training
M005/T6/633.jpg,training
M005/T6/674.jpg,training
M005/T7/1079.jpg,training
M005/T7/1095.jpg,training
M005/T7/1135.jpg,training
M005/T7/1148.jpg,training
M005/T7/1157.jpg,training
M005/T7/1258.jpg,training
M005/T7/1283.jpg,training
M005/T7/1327.jpg,training
M005/T7/1341.jpg,training
M005/T7/1397.jpg,training
M005/T7/1472.jpg,training
M005/T7/1493.jpg,training
M005/T7/1501.jpg,training
M005/T8/06.jpg,training
M005/T8/07.jpg,training
M005/T8/12.jpg,training
M005/T8/18.jpg,training
M005/T8/29.jpg,training
M005/T8/34.jpg,training
M005/T8/35.jpg,training
M005/T8/36.jpg,training
M005/T8/39.jpg,training
M005/T8/40.jpg,training
M005/T8/42.jpg,training
M005/T8/50.jpg,training
M005/T8/52.jpg,training
M005/T8/60.jpg,training
M005/T8/62.jpg,training
M005/T8/67.jpg,training
M005/T8/69.jpg,training
M005/T8/75.jpg,training
M005/T8/81.jpg,training
M006/T1/0767.jpg,training
M006/T1/0798.jpg,training
M006/T1/0813.jpg,training
M006/T1/0878.jpg,training
M006/T1/0937.jpg,training
M006/T1/0954.jpg,training
M006/T1/0967.jpg,training
M006/T1/0968.jpg,training
M006/T1/0995.jpg,training
M006/T1/1091.jpg,training
M006/T1/1094.jpg,training
M006/T1/1103.jpg,training
M006/T1/1110.jpg,training
M006/T1/1122.jpg,training
M006/T1/1139.jpg,training
M006/T1/1219.jpg,training
M006/T2/1150.jpg,training
M006/T2/1161.jpg,training
M006/T2/1174.jpg,training
M006/T2/1192.jpg,training
M006/T2/1213.jpg,training
M006/T2/1265.jpg,training
M006/T2/1291.jpg,training
M006/T2/1312.jpg,training
M006/T2/1333.jpg,training
M006/T2/1349.jpg,training
M006/T2/1358.jpg,training
M006/T2/1371.jpg,training
M006/T2/1374.jpg,training
M006/T2/1376.jpg,training
M006/T2/1380.jpg,training
M006/T2/1491.jpg,training
M006/T3/024.jpg,training
M006/T3/033.jpg,training
M006/T3/056.jpg,training
M006/T3/068.jpg,training
M006/T3/071.jpg,training
M006/T3/075.jpg,training
M006/T3/083.jpg,training
M006/T3/091.jpg,training
M006/T3/147.jpg,training
M006/T3/160.jpg,training
M006/T3/174.jpg,training
M006/T3/177.jpg,training
M006/T3/183.jpg,training
M006/T3/184.jpg,training
M006/T3/192.jpg,training
M006/T4/0450.jpg,training
M006/T4/0463.jpg,training
M006/T4/0477.jpg,training
M006/T4/0581.jpg,training
M006/T4/0589.jpg,training
M006/T4/0623.jpg,training
M006/T4/0625.jpg,training
M006/T4/0670.jpg,training
M006/T4/0676.jpg,training
M006/T4/0687.jpg,training
M006/T4/0710.jpg,training
M006/T4/0723.jpg,training
M006/T4/0759.jpg,training
M006/T4/0789.jpg,training
M006/T4/0810.jpg,training
M006/T4/0827.jpg,training
M006/T4/0858.jpg,training
M006/T4/0877.jpg,training
M006/T4/0878.jpg,training
M006/T4/0890.jpg,training
M006/T5/0650.jpg,training
M006/T5/0705.jpg,training
M006/T5/0716.jpg,training
M006/T5/0777.jpg,training
M006/T5/0807.jpg,training
M006/T5/0834.jpg,training
M006/T5/0864.jpg,training
M006/T5/0890.jpg,training
M006/T5/0911.jpg,training
M006/T5/0972.jpg,training
M006/T5/1053.jpg,training
M006/T5/1057.jpg,training
M006/T5/1076.jpg,training
M006/T5/1098.jpg,training
M006/T5/1110.jpg,training
M006/T5/1150.jpg,training
M006/T5/1161.jpg,training
M006/T6/0552.jpg,training
M006/T6/0590.jpg,training
M006/T6/0593.jpg,training
M006/T6/0642.jpg,training
M006/T6/0646.jpg,training
M006/T6/0682.jpg,training
M006/T6/0693.jpg,training
M006/T6/0711.jpg,training
M006/T6/0751.jpg,training
M006/T6/0784.jpg,training
M006/T6/0787.jpg,training
M006/T6/0860.jpg,training
M006/T6/0875.jpg,training
M006/T6/0882.jpg,training
M006/T6/0937.jpg,training
M006/T6/0946.jpg,training
M006/T6/0986.jpg,training
M006/T6/0987.jpg,training
M006/T7/0668.jpg,training
M006/T7/0697.jpg,training
M006/T7/0791.jpg,training
M006/T7/0812.jpg,training
M006/T7/0813.jpg,training
M006/T7/0815.jpg,training
M006/T7/0818.jpg,training
M006/T7/0837.jpg,training
M006/T7/0902.jpg,training
M006/T7/0916.jpg,training
M006/T7/0919.jpg,training
M006/T7/0959.jpg,training
M006/T7/0975.jpg,training
M006/T7/1020.jpg,training
M006/T7/1027.jpg,training
M006/T7/1051.jpg,training
M006/T7/1059.jpg,training
M006/T7/1062.jpg,training
M006/T8/0660.jpg,training
M006/T8/0701.jpg,training
M006/T8/0734.jpg,training
M006/T8/0752.jpg,training
M006/T8/0802.jpg,training
M006/T8/0809.jpg,training
M006/T8/0816.jpg,training
M006/T8/0833.jpg,training
M006/T8/0840.jpg,training
M006/T8/0858.jpg,training
M006/T8/0888.jpg,training
M006/T8/0899.jpg,training
M006/T8/0919.jpg,training
M006/T8/0934.jpg,training
M006/T8/0989.jpg,training
M006/T8/1078.jpg,training
M007/T1/322.jpg,training
M007/T1/323.jpg,training
M007/T1/324.jpg,training
M007/T1/326.jpg,training
M007/T1/342.jpg,training
M007/T1/411.jpg,training
M007/T1/455.jpg,training
M007/T1/467.jpg,training
M007/T1/479.jpg,training
M007/T1/594.jpg,training
M007/T1/621.jpg,training
M007/T1/624.jpg,training
M007/T1/626.jpg,training
M007/T1/682.jpg,training
M007/T1/768.jpg,training
M007/T1/779.jpg,training
M007/T2/1162.jpg,training
M007/T2/1198.jpg,training
M007/T2/1230.jpg,training
M007/T2/1238.jpg,training
M007/T2/1291.jpg,training
M007/T2/1300.jpg,training
M007/T2/1328.jpg,training
M007/T2/1348.jpg,training
M007/T2/1353.jpg,training
M007/T2/1370.jpg,training
M007/T2/1371.jpg,training
M007/T2/1507.jpg,training
M007/T2/1518.jpg,training
M007/T2/1533.jpg,training
M007/T2/1571.jpg,training
M007/T2/1575.jpg,training
M007/T2/1587.jpg,training
M007/T3/047.jpg,training
M007/T3/051.jpg,training
M007/T3/094.jpg,training
M007/T3/130.jpg,training
M007/T3/145.jpg,training
M007/T3/149.jpg,training
M007/T3/151.jpg,training
M007/T3/154.jpg,training
M007/T3/159.jpg,training
M007/T3/166.jpg,training
M007/T3/194.jpg,training
M007/T3/197.jpg,training
M007/T3/207.jpg,training
M007/T3/218.jpg,training
M007/T3/226.jpg,training
M007/T3/232.jpg,training
M007/T3/236.jpg,training
M007/T4/0091.jpg,training
M007/T4/0118.jpg,training
M007/T4/0145.jpg,training
M007/T4/0209.jpg,training
M007/T4/0243.jpg,training
M007/T4/0285.jpg,training
M007/T4/0330.jpg,training
M007/T4/0348.jpg,training
M007/T4/0358.jpg,training
M007/T4/0361.jpg,training
M007/T4/0363.jpg,training
M007/T4/0396.jpg,training
M007/T4/0401.jpg,training
M007/T4/0446.jpg,training
M007/T4/0453.jpg,training
M007/T5/428.jpg,training
M007/T5/456.jpg,training
M007/T5/491.jpg,training
M007/T5/500.jpg,training
M007/T5/643.jpg,training
M007/T5/645.jpg,training
M007/T5/670.jpg,training
M007/T5/684.jpg,training
M007/T5/701.jpg,training
M007/T5/720.jpg,training
M007/T5/799.jpg,training
M007/T5/801.jpg,training
M007/T5/810.jpg,training
M007/T5/811.jpg,training
M007/T5/826.jpg,training
M007/T5/901.jpg,training
M007/T6/1107.jpg,training
M007/T6/1113.jpg,training
M007/T6/1168.jpg,training
M007/T6/1170.jpg,training
M007/T6/1223.jpg,training
M007/T6/1231.jpg,training
M007/T6/1253.jpg,training
M007/T6/1264.jpg,training
M007/T6/1268.jpg,training
M007/T6/1280.jpg,training
M007/T6/1289.jpg,training
M007/T6/1327.jpg,training
M007/T6/1340.jpg,training
M007/T6/1361.jpg,training
M007/T6/1431.jpg,training
M007/T6/1445.jpg,training
M007/T6/1463.jpg,training
M007/T6/1471.jpg,training
M007/T7/0113.jpg,training
M007/T7/0134.jpg,training
M007/T7/0199.jpg,training
M007/T7/0207.jpg,training
M007/T7/0234.jpg,training
M007/T7/0247.jpg,training
M007/T7/0289.jpg,training
M007/T7/0297.jpg,training
M007/T7/0299.jpg,training
M007/T7/0304.jpg,training
M007/T7/0356.jpg,training
M007/T7/0420.jpg,training
M007/T7/0479.jpg,training
M007/T7/0547.jpg,training
M007/T8/068.jpg,training
M007/T8/083.jpg,training
M007/T8/095.jpg,training
M007/T8/109.jpg,training
M007/T8/124.jpg,training
M007/T8/237.jpg,training
M007/T8/261.jpg,training
M007/T8/307.jpg,training
M007/T8/313.jpg,training
M007/T8/318.jpg,training
M007/T8/377.jpg,training
M007/T8/389.jpg,training
M007/T8/405.jpg,training
M007/T8/443.jpg,training
M007/T8/477.jpg,training
M007/T8/550.jpg,training
M008/T1/263.jpg,training
M008/T1/273.jpg,training
M008/T1/277.jpg,training
M008/T1/282.jpg,training
M008/T1/318.jpg,training
M008/T1/325.jpg,training
M008/T1/390.jpg,training
M008/T1/403.jpg,training
M008/T1/409.jpg,training
M008/T1/458.jpg,training
M008/T1/470.jpg,training
M008/T1/530.jpg,training
M008/T1/573.jpg,training
M008/T1/613.jpg,training
M008/T2/0211.jpg,training
M008/T2/0220.jpg,training
M008/T2/0236.jpg,training
M008/T2/0240.jpg,training
M008/T2/0245.jpg,training
M008/T2/0264.jpg,training
M008/T2/0291.jpg,training
M008/T2/0316.jpg,training
M008/T2/0351.jpg,training
M008/T2/0356.jpg,training
M008/T2/0368.jpg,training
M008/T2/0454.jpg,training
M008/T2/0512.jpg,training
M008/T2/0598.jpg,training
M008/T2/0665.jpg,training
M008/T2/0691.jpg,training
M008/T3/003.jpg,training
M008/T3/013.jpg,training
M008/T3/015.jpg,training
M008/T3/029.jpg,training
M008/T3/034.jpg,training
M008/T3/072.jpg,training
M008/T3/083.jpg,training
M008/T3/090.jpg,training
M008/T3/101.jpg,training
M008/T3/106.jpg,training
M008/T3/134.jpg,training
M008/T3/154.jpg,training
M008/T3/159.jpg,training
M008/T3/163.jpg,training
M008/T3/201.jpg,training
M008/T3/217.jpg,training
M008/T3/223.jpg,training
M008/T3/243.jpg,training
M008/T3/274.jpg,training
M008/T4/0002.jpg,training
M008/T4/0014.jpg,training
M008/T4/0054.jpg,training
M008/T4/0061.jpg,training
M008/T4/0105.jpg,training
M008/T4/0143.jpg,training
M008/T4/0157.jpg,training
M008/T4/0175.jpg,training
M008/T4/0275.jpg,training
M008/T4/0319.jpg,training
M008/T4/0329.jpg,training
M008/T4/0353.jpg,training
M008/T4/0378.jpg,training
M008/T4/0380.jpg,training
M008/T4/0404.jpg,training
M008/T4/0415.jpg,training
M008/T4/0429.jpg,training
M008/T4/0489.jpg,training
M008/T5/0877.jpg,training
M008/T5/0909.jpg,training
M008/T5/0924.jpg,training
M008/T5/1070.jpg,training
M008/T5/1114.jpg,training
M008/T5/1123.jpg,training
M008/T5/1168.jpg,training
M008/T5/1181.jpg,training
M008/T5/1218.jpg,training
M008/T5/1265.jpg,training
M008/T5/1272.jpg,training
M008/T5/1299.jpg,training
M008/T5/1301.jpg,training
M008/T5/1336.jpg,training
M008/T5/1347.jpg,training
M008/T5/1374.jpg,training
M008/T6/0091.jpg,training
M008/T6/0119.jpg,training
M008/T6/0176.jpg,training
M008/T6/0180.jpg,training
M008/T6/0198.jpg,training
M008/T6/0238.jpg,training
M008/T6/0367.jpg,training
M008/T6/0396.jpg,training
M008/T6/0409.jpg,training
M008/T6/0435.jpg,training
M008/T6/0487.jpg,training
M008/T6/0500.jpg,training
M008/T6/0506.jpg,training
M008/T6/0544.jpg,training
M008/T7/0471.jpg,training
M008/T7/0485.jpg,training
M008/T7/0527.jpg,training
M008/T7/0535.jpg,training
M008/T7/0554.jpg,training
M008/T7/0592.jpg,training
M008/T7/0631.jpg,training
M008/T7/0699.jpg,training
M008/T7/0773.jpg,training
M008/T7/0797.jpg,training
M008/T7/0832.jpg,training
M008/T7/0869.jpg,training
M008/T7/0876.jpg,training
M008/T7/0880.jpg,training
M008/T7/0914.jpg,training
M008/T8/016.jpg,training
M008/T8/019.jpg,training
M008/T8/020.jpg,training
M008/T8/035.jpg,training
M008/T8/040.jpg,training
M008/T8/041.jpg,training
M008/T8/047.jpg,training
M008/T8/053.jpg,training
M008/T8/055.jpg,training
M008/T8/067.jpg,training
M008/T8/071.jpg,training
M008/T8/079.jpg,training
M008/T8/081.jpg,training
M008/T8/085.jpg,training
M008/T8/087.jpg,training
M008/T8/089.jpg,training
M008/T8/093.jpg,training
M008/T8/104.jpg,training
M009/T1/099.jpg,training
M009/T1/142.jpg,training
M009/T1/180.jpg,training
M009/T1/193.jpg,training
M009/T1/211.jpg,training
M009/T1/221.jpg,training
M009/T1/250.jpg,training
M009/T1/279.jpg,training
M009/T1/300.jpg,training
M009/T1/342.jpg,training
M009/T1/346.jpg,training
M009/T1/366.jpg,training
M009/T1/455.jpg,training
M009/T1/458.jpg,training
M009/T1/476.jpg,training
M009/T1/510.jpg,training
M009/T1/516.jpg,training
M009/T1/522.jpg,training
M009/T2/0594.jpg,training
M009/T2/0595.jpg,training
M009/T2/0611.jpg,training
M009/T2/0632.jpg,training
M009/T2/0656.jpg,training
M009/T2/0786.jpg,training
M009/T2/0834.jpg,training
M009/T2/0853.jpg,training
M009/T2/0863.jpg,training
M009/T2/0903.jpg,training
M009/T2/0911.jpg,training
M009/T2/0923.jpg,training
M009/T2/0945.jpg,training
M009/T2/0957.jpg,training
M009/T2/0961.jpg,training
M009/T3/010.jpg,training
M009/T3/020.jpg,training
M009/T3/037.jpg,training
M009/T3/061.jpg,training
M009/T3/068.jpg,training
M009/T3/079.jpg,training
M009/T3/082.jpg,training
M009/T3/083.jpg,training
M009/T3/090.jpg,training
M009/T3/103.jpg,training
M009/T3/105.jpg,training
M009/T3/132.jpg,training
M009/T3/139.jpg,training
M009/T3/140.jpg,training
M009/T3/150.jpg,training
M009/T3/157.jpg,training
M009/T3/158.jpg,training
M009/T3/180.jpg,training
M009/T3/197.jpg,training
M009/T3/206.jpg,training
M009/T4/0430.jpg,training
M009/T4/0452.jpg,training
M009/T4/0496.jpg,training
M009/T4/0527.jpg,training
M009/T4/0574.jpg,training
M009/T4/0606.jpg,training
M009/T4/0638.jpg,training
M009/T4/0673.jpg,training
M009/T4/0683.jpg,training
M009/T4/0718.jpg,training
M009/T4/0740.jpg,training
M009/T4/0767.jpg,training
M009/T4/0777.jpg,training
M009/T4/0784.jpg,training
M009/T4/0804.jpg,training
M009/T4/0828.jpg,training
M009/T4/0838.jpg,training
M009/T4/0849.jpg,training
M009/T4/0869.jpg,training
M009/T5/0396.jpg,training
M009/T5/0440.jpg,training
M009/T5/0442.jpg,training
M009/T5/0444.jpg,training
M009/T5/0564.jpg,training
M009/T5/0587.jpg,training
M009/T5/0676.jpg,training
M009/T5/0703.jpg,training
M009/T5/0714.jpg,training
M009/T5/0725.jpg,training
M009/T5/0793.jpg,training
M009/T5/0795.jpg,training
M009/T5/0805.jpg,training
M009/T5/0821.jpg,training
M009/T5/0824.jpg,training
M009/T5/0846.jpg,training
M009/T5/0862.jpg,training
M009/T5/0872.jpg,training
M009/T5/0880.jpg,training
M009/T5/0885.jpg,training
M009/T6/206.jpg,training
M009/T6/207.jpg,training
M009/T6/313.jpg,training
M009/T6/320.jpg,training
M009/T6/334.jpg,training
M009/T6/372.jpg,training
M009/T6/383.jpg,training
M009/T6/402.jpg,training
M009/T6/406.jpg,training
M009/T6/407.jpg,training
M009/T6/411.jpg,training
M009/T6/431.jpg,training
M009/T6/438.jpg,training
M009/T6/486.jpg,training
M009/T6/519.jpg,training
M009/T6/592.jpg,training
M009/T7/0862.jpg,training
M009/T7/0880.jpg,training
M009/T7/0890.jpg,training
M009/T7/0960.jpg,training
M009/T7/0963.jpg,training
M009/T7/0966.jpg,training
M009/T7/1000.jpg,training
M009/T7/1028.jpg,training
M009/T7/1068.jpg,training
M009/T7/1081.jpg,training
M009/T7/1091.jpg,training
M009/T7/1130.jpg,training
M009/T7/1137.jpg,training
M009/T7/1183.jpg,training
M009/T7/1187.jpg,training
M009/T7/1194.jpg,training
M009/T7/1200.jpg,training
M009/T7/1224.jpg,training
M009/T8/004.jpg,training
M009/T8/005.jpg,training
M009/T8/006.jpg,training
M009/T8/012.jpg,training
M009/T8/017.jpg,training
M009/T8/038.jpg,training
M009/T8/071.jpg,training
M009/T8/073.jpg,training
M009/T8/083.jpg,training
M009/T8/084.jpg,training
M009/T8/090.jpg,training
M009/T8/101.jpg,training
M009/T8/105.jpg,training
M009/T8/109.jpg,training
M009/T8/111.jpg,training
M009/T8/125.jpg,training
M009/T8/126.jpg,training
M009/T8/129.jpg,training
M010/T1/117.jpg,training
M010/T1/121.jpg,training
M010/T1/206.jpg,training
M010/T1/226.jpg,training
M010/T1/293.jpg,training
M010/T1/294.jpg,training
M010/T1/338.jpg,training
M010/T1/342.jpg,training
M010/T1/386.jpg,training
M010/T1/412.jpg,training
M010/T1/454.jpg,training
M010/T1/488.jpg,training
M010/T1/544.jpg,training
M010/T2/1006.jpg,training
M010/T2/1012.jpg,training
M010/T2/1028.jpg,training
M010/T2/1059.jpg,training
M010/T2/1091.jpg,training
M010/T2/1093.jpg,training
M010/T2/1097.jpg,training
M010/T2/1126.jpg,training
M010/T2/1142.jpg,training
M010/T2/1155.jpg,training
M010/T2/1207.jpg,training
M010/T2/1281.jpg,training
M010/T2/1305.jpg,training
M010/T2/1341.jpg,training
M010/T2/1376.jpg,training
M010/T2/1431.jpg,training
M010/T2/1442.jpg,training
M010/T2/1444.jpg,training
M010/T2/1446.jpg,training
M010/T3/004.jpg,training
M010/T3/014.jpg,training
M010/T3/026.jpg,training
M010/T3/056.jpg,training
M010/T3/078.jpg,training
M010/T3/097.jpg,training
M010/T3/139.jpg,training
M010/T3/169.jpg,training
M010/T3/191.jpg,training
M010/T3/194.jpg,training
M010/T3/195.jpg,training
M010/T3/224.jpg,training
M010/T3/248.jpg,training
M010/T3/259.jpg,training
M010/T3/296.jpg,training
M010/T3/301.jpg,training
M010/T4/0472.jpg,training
M010/T4/0492.jpg,training
M010/T4/0499.jpg,training
M010/T4/0508.jpg,training
M010/T4/0650.jpg,training
M010/T4/0654.jpg,training
M010/T4/0746.jpg,training
M010/T4/0772.jpg,training
M010/T4/0814.jpg,training
M010/T4/0818.jpg,training
M010/T4/0820.jpg,training
M010/T4/0837.jpg,training
M010/T4/0857.jpg,training
M010/T4/0863.jpg,training
M010/T4/0905.jpg,training
M010/T5/0496.jpg,training
M010/T5/0537.jpg,training
M010/T5/0582.jpg,training
M010/T5/0584.jpg,training
M010/T5/0610.jpg,training
M010/T5/0668.jpg,training
M010/T5/0680.jpg,training
M010/T5/0704.jpg,training
M010/T5/0711.jpg,training
M010/T5/0732.jpg,training
M010/T5/0746.jpg,training
M010/T5/0789.jpg,training
M010/T5/0802.jpg,training
M010/T5/0806.jpg,training
M010/T5/0819.jpg,training
M010/T5/0854.jpg,training
M010/T5/0867.jpg,training
M010/T5/0879.jpg,training
M010/T5/0956.jpg,training
M010/T6/568.jpg,training
M010/T6/577.jpg,training
M010/T6/590.jpg,training
M010/T6/603.jpg,training
M010/T6/650.jpg,training
M010/T6/682.jpg,training
M010/T6/743.jpg,training
M010/T6/746.jpg,training
M010/T6/759.jpg,training
M010/T6/769.jpg,training
M010/T6/795.jpg,training
M010/T6/826.jpg,training
M010/T6/837.jpg,training
M010/T6/839.jpg,training
M010/T6/888.jpg,training
M010/T6/918.jpg,training
M010/T6/982.jpg,training
M010/T6/987.jpg,training
M010/T7/003.jpg,training
M010/T7/012.jpg,training
M010/T7/017.jpg,training
M010/T7/063.jpg,training
M010/T7/094.jpg,training
M010/T7/145.jpg,training
M010/T7/167.jpg,training
M010/T7/178.jpg,training
M010/T7/193.jpg,training
M010/T7/194.jpg,training
M010/T7/241.jpg,training
M010/T7/331.jpg,training
M010/T7/343.jpg,training
M010/T7/385.jpg,training
M010/T7/446.jpg,training
M010/T8/006.jpg,training
M010/T8/016.jpg,training
M010/T8/032.jpg,training
M010/T8/050.jpg,training
M010/T8/063.jpg,training
M010/T8/065.jpg,training
M010/T8/071.jpg,training
M010/T8/074.jpg,training
M010/T8/076.jpg,training
M010/T8/090.jpg,training
M010/T8/095.jpg,training
M010/T8/098.jpg,training
M010/T8/122.jpg,training
M010/T8/139.jpg,training
M011/T1/0744.jpg,training
M011/T1/0811.jpg,training
M011/T1/0840.jpg,training
M011/T1/0871.jpg,training
M011/T1/0886.jpg,training
M011/T1/0928.jpg,training
M011/T1/0956.jpg,training
M011/T1/0965.jpg,training
M011/T1/0968.jpg,training
M011/T1/0984.jpg,training
M011/T1/1004.jpg,training
M011/T1/1099.jpg,training
M011/T1/1101.jpg,training
M011/T1/1127.jpg,training
M011/T1/1129.jpg,training
M011/T1/1201.jpg,training
M011/T1/1203.jpg,training
M011/T2/0094.jpg,training
M011/T2/0158.jpg,training
M011/T2/0233.jpg,training
M011/T2/0255.jpg,training
M011/T2/0295.jpg,training
M011/T2/0302.jpg,training
M011/T2/0316.jpg,training
M011/T2/0325.jpg,training
M011/T2/0354.jpg,training
M011/T2/0420.jpg,training
M011/T2/0446.jpg,training
M011/T2/0460.jpg,training
M011/T2/0521.jpg,training
M011/T2/0544.jpg,training
M011/T2/0560.jpg,training
M011/T2/0568.jpg,training
M011/T2/0570.jpg,training
M011/T3/009.jpg,training
M011/T3/022.jpg,training
M011/T3/049.jpg,training
M011/T3/064.jpg,training
M011/T3/067.jpg,training
M011/T3/078.jpg,training
M011/T3/113.jpg,training
M011/T3/124.jpg,training
M011/T3/127.jpg,training
M011/T3/144.jpg,training
M011/T3/152.jpg,training
M011/T3/190.jpg,training
M011/T3/209.jpg,training
M011/T3/234.jpg,training
M011/T3/270.jpg,training
M011/T3/281.jpg,training
M011/T4/413.jpg,training
M011/T4/422.jpg,training
M011/T4/440.jpg,training
M011/T4/470.jpg,training
M011/T4/502.jpg,training
M011/T4/552.jpg,training
M011/T4/553.jpg,training
M011/T4/621.jpg,training
M011/T4/625.jpg,training
M011/T4/637.jpg,training
M011/T4/681.jpg,training
M011/T4/688.jpg,training
M011/T4/693.jpg,training
M011/T4/702.jpg,training
M011/T4/785.jpg,training
M011/T4/812.jpg,training
M011/T4/832.jpg,training
M011/T4/834.jpg,training
M011/T4/838.jpg,training
M011/T5/0635.jpg,training
M011/T5/0640.jpg,training
M011/T5/0652.jpg,training
M011/T5/0682.jpg,training
M011/T5/0700.jpg,training
M011/T5/0770.jpg,training
M011/T5/0810.jpg,training
M011/T5/0823.jpg,training
M011/T5/0870.jpg,training
M011/T5/0873.jpg,training
M011/T5/0909.jpg,training
M011/T5/0941.jpg,training
M011/T5/0959.jpg,training
M011/T5/0975.jpg,training
M011/T5/0988.jpg,training
M011/T5/1010.jpg,training
M011/T5/1017.jpg,training
M011/T5/1097.jpg,training
M011/T5/1107.jpg,training
M011/T6/0867.jpg,training
M011/T6/0869.jpg,training
M011/T6/0911.jpg,training
M011/T6/0921.jpg,training
M011/T6/0929.jpg,training
M011/T6/0949.jpg,training
M011/T6/1001.jpg,training
M011/T6/1065.jpg,training
M011/T6/1150.jpg,training
M011/T6/1161.jpg,training
M011/T6/1192.jpg,training
M011/T6/1193.jpg,training
M011/T6/1212.jpg,training
M011/T6/1215.jpg,training
M011/T6/1305.jpg,training
M011/T6/1322.jpg,training
M011/T7/1579.jpg,training
M011/T7/1635.jpg,training
M011/T7/1637.jpg,training
M011/T7/1644.jpg,training
M011/T7/1651.jpg,training
M011/T7/1675.jpg,training
M011/T7/1701.jpg,training
M011/T7/1717.jpg,training
M011/T7/1757.jpg,training
M011/T7/1758.jpg,training
M011/T7/1797.jpg,training
M011/T7/1845.jpg,training
M011/T7/1854.jpg,training
M011/T7/1875.jpg,training
M011/T7/1904.jpg,training
M011/T7/1970.jpg,training
M011/T8/005.jpg,training
M011/T8/026.jpg,training
M011/T8/064.jpg,training
M011/T8/084.jpg,training
M011/T8/092.jpg,training
M011/T8/098.jpg,training
M011/T8/115.jpg,training
M011/T8/120.jpg,training
M011/T8/135.jpg,training
M011/T8/152.jpg,training
M011/T8/155.jpg,training
M011/T8/172.jpg,training
M011/T8/179.jpg,training
M011/T8/184.jpg,training
M011/T8/194.jpg,training
M011/T8/218.jpg,training
M011/T8/220.jpg,training
M011/T8/226.jpg,training
M011/T8/252.jpg,training
M012/T1/0744.jpg,training
M012/T1/0757.jpg,training
M012/T1/0760.jpg,training
M012/T1/0765.jpg,training
M012/T1/0797.jpg,training
M012/T1/0803.jpg,training
M012/T1/0846.jpg,training
M012/T1/0862.jpg,training
M012/T1/0877.jpg,training
M012/T1/0887.jpg,training
M012/T1/0909.jpg,training
M012/T1/0936.jpg,training
M012/T1/0959.jpg,training
M012/T1/0990.jpg,training
M012/T1/1023.jpg,training
M012/T1/1036.jpg,training
M012/T1/1169.jpg,training
M012/T2/0288.jpg,training
M012/T2/0367.jpg,training
M012/T2/0396.jpg,training
M012/T2/0408.jpg,training
M012/T2/0429.jpg,training
M012/T2/0434.jpg,training
M012/T2/0452.jpg,training
M012/T2/0474.jpg,training
M012/T2/0512.jpg,training
M012/T2/0523.jpg,training
M012/T2/0529.jpg,training
M012/T2/0637.jpg,training
M012/T2/0654.jpg,training
M012/T2/0668.jpg,training
M012/T2/0670.jpg,training
M012/T2/0708.jpg,training
M012/T2/0735.jpg,training
M012/T3/013.jpg,training
M012/T3/046.jpg,training
M012/T3/057.jpg,training
M012/T3/065.jpg,training
M012/T3/079.jpg,training
M012/T3/088.jpg,training
M012/T3/103.jpg,training
M012/T3/109.jpg,training
M012/T3/159.jpg,training
M012/T3/163.jpg,training
M012/T3/203.jpg,training
M012/T3/204.jpg,training
M012/T3/216.jpg,training
M012/T3/223.jpg,training
M012/T3/245.jpg,training
M012/T3/248.jpg,training
M012/T3/296.jpg,training
M012/T3/321.jpg,training
M012/T3/325.jpg,training
M012/T4/0872.jpg,training
M012/T4/0880.jpg,training
M012/T4/0920.jpg,training
M012/T4/0926.jpg,training
M012/T4/0933.jpg,training
M012/T4/0947.jpg,training
M012/T4/0980.jpg,training
M012/T4/0981.jpg,training
M012/T4/0992.jpg,training
M012/T4/1019.jpg,training
M012/T4/1057.jpg,training
M012/T4/1093.jpg,training
M012/T4/1139.jpg,training
M012/T4/1285.jpg,training
M012/T4/1290.jpg,training
M012/T4/1328.jpg,training
M012/T5/0682.jpg,training
M012/T5/0727.jpg,training
M012/T5/0757.jpg,training
M012/T5/0805.jpg,training
M012/T5/0829.jpg,training
M012/T5/0833.jpg,training
M012/T5/0851.jpg,training
M012/T5/0864.jpg,training
M012/T5/0894.jpg,training
M012/T5/0925.jpg,training
M012/T5/0966.jpg,training
M012/T5/0971.jpg,training
M012/T5/1004.jpg,training
M012/T5/1031.jpg,training
M012/T5/1042.jpg,training
M012/T5/1075.jpg,training
M012/T5/1101.jpg,training
M012/T5/1137.jpg,training
M012/T6/0002.jpg,training
M012/T6/0027.jpg,training
M012/T6/0055.jpg,training
M012/T6/0065.jpg,training
M012/T6/0070.jpg,training
M012/T6/0255.jpg,training
M012/T6/0315.jpg,training
M012/T6/0338.jpg,training
M012/T6/0348.jpg,training
M012/T6/0381.jpg,training
M012/T6/0393.jpg,training
M012/T6/0411.jpg,training
M012/T6/0430.jpg,training
M012/T6/0440.jpg,training
M012/T6/0458.jpg,training
M012/T7/0019.jpg,training
M012/T7/0084.jpg,training
M012/T7/0117.jpg,training
M012/T7/0120.jpg,training
M012/T7/0144.jpg,training
M012/T7/0160.jpg,training
M012/T7/0169.jpg,training
M012/T7/0175.jpg,training
M012/T7/0190.jpg,training
M012/T7/0210.jpg,training
M012/T7/0245.jpg,training
M012/T7/0308.jpg,training
M012/T7/0391.jpg,training
M012/T7/0399.jpg,training
M012/T7/0436.jpg,training
M012/T7/0480.jpg,training
M012/T8/006.jpg,training
M012/T8/026.jpg,training
M012/T8/039.jpg,training
M012/T8/045.jpg,training
M012/T8/080.jpg,training
M012/T8/086.jpg,training
M012/T8/090.jpg,training
M012/T8/098.jpg,training
M012/T8/126.jpg,training
M012/T8/149.jpg,training
M012/T8/164.jpg,training
M012/T8/180.jpg,training
M012/T8/182.jpg,training
M012/T8/186.jpg,training
M012/T8/193.jpg,training
M012/T8/204.jpg,training
M012/T8/214.jpg,training
M012/T8/257.jpg,training
M012/T8/292.jpg,training
M013/T1/0693.jpg,training
M013/T1/0728.jpg,training
M013/T1/0734.jpg,training
M013/T1/0751.jpg,training
M013/T1/0775.jpg,training
M013/T1/0828.jpg,training
M013/T1/0834.jpg,training
M013/T1/0843.jpg,training
M013/T1/0907.jpg,training
M013/T1/0940.jpg,training
M013/T1/0993.jpg,training
M013/T1/1028.jpg,training
M013/T1/1118.jpg,training
M013/T1/1122.jpg,training
M013/T1/1134.jpg,training
M013/T1/1140.jpg,training
M013/T1/1158.jpg,training
M013/T2/0048.jpg,training
M013/T2/0066.jpg,training
M013/T2/0077.jpg,training
M013/T2/0080.jpg,training
M013/T2/0151.jpg,training
M013/T2/0198.jpg,training
M013/T2/0222.jpg,training
M013/T2/0236.jpg,training
M013/T2/0249.jpg,training
M013/T2/0275.jpg,training
M013/T2/0318.jpg,training
M013/T2/0325.jpg,training
M013/T2/0418.jpg,training
M013/T2/0433.jpg,training
M013/T2/0460.jpg,training
M013/T2/0487.jpg,training
M013/T3/018.jpg,training
M013/T3/029.jpg,training
M013/T3/036.jpg,training
M013/T3/049.jpg,training
M013/T3/054.jpg,training
M013/T3/067.jpg,training
M013/T3/077.jpg,training
M013/T3/125.jpg,training
M013/T3/153.jpg,training
M013/T3/168.jpg,training
M013/T3/175.jpg,training
M013/T3/207.jpg,training
M013/T3/211.jpg,training
M013/T3/219.jpg,training
M013/T3/304.jpg,training
M013/T3/331.jpg,training
M013/T3/351.jpg,training
M013/T4/0319.jpg,training
M013/T4/0373.jpg,training
M013/T4/0389.jpg,training
M013/T4/0412.jpg,training
M013/T4/0431.jpg,training
M013/T4/0468.jpg,training
M013/T4/0474.jpg,training
M013/T4/0489.jpg,training
M013/T4/0541.jpg,training
M013/T4/0544.jpg,training
M013/T4/0633.jpg,training
M013/T4/0649.jpg,training
M013/T4/0678.jpg,training
M013/T4/0684.jpg,training
M013/T4/0724.jpg,training
M013/T4/0755.jpg,training
M013/T5/074.jpg,training
M013/T5/169.jpg,training
M013/T5/181.jpg,training
M013/T5/197.jpg,training
M013/T5/237.jpg,training
M013/T5/246.jpg,training
M013/T5/264.jpg,training
M013/T5/277.jpg,training
M013/T5/281.jpg,training
M013/T5/330.jpg,training
M013/T5/352.jpg,training
M013/T5/370.jpg,training
M013/T5/388.jpg,training
M013/T5/405.jpg,training
M013/T5/406.jpg,training
M013/T5/439.jpg,training
M013/T5/492.jpg,training
M013/T6/083.jpg,training
M013/T6/134.jpg,training
M013/T6/180.jpg,training
M013/T6/186.jpg,training
M013/T6/229.jpg,training
M013/T6/254.jpg,training
M013/T6/261.jpg,training
M013/T6/268.jpg,training
M013/T6/291.jpg,training
M013/T6/313.jpg,training
M013/T6/344.jpg,training
M013/T6/352.jpg,training
M013/T6/358.jpg,training
M013/T6/420.jpg,training
M013/T6/435.jpg,training
M013/T6/441.jpg,training
M013/T6/479.jpg,training
M013/T7/0015.jpg,training
M013/T7/0016.jpg,training
M013/T7/0017.jpg,training
M013/T7/0037.jpg,training
M013/T7/0046.jpg,training
M013/T7/0085.jpg,training
M013/T7/0098.jpg,training
M013/T7/0104.jpg,training
M013/T7/0219.jpg,training
M013/T7/0265.jpg,training
M013/T7/0340.jpg,training
M013/T7/0416.jpg,training
M013/T7/0425.jpg,training
M013/T7/0440.jpg,training
M013/T7/0467.jpg,training
M013/T7/0494.jpg,training
M013/T8/039.jpg,training
M013/T8/054.jpg,training
M013/T8/055.jpg,training
M013/T8/062.jpg,training
M013/T8/063.jpg,training
M013/T8/072.jpg,training
M013/T8/100.jpg,training
M013/T8/152.jpg,training
M013/T8/154.jpg,training
M013/T8/166.jpg,training
M013/T8/202.jpg,training
M013/T8/211.jpg,training
M013/T8/232.jpg,training
M013/T8/252.jpg,training
M014/T1/424.jpg,training
M014/T1/470.jpg,training
M014/T1/471.jpg,training
M014/T1/515.jpg,training
M014/T1/563.jpg,training
M014/T1/571.jpg,training
M014/T1/604.jpg,training
M014/T1/606.jpg,training
M014/T1/610.jpg,training
M014/T1/655.jpg,training
M014/T1/700.jpg,training
M014/T1/730.jpg,training
M014/T1/797.jpg,training
M014/T1/846.jpg,training
M014/T1/860.jpg,training
M014/T2/0001.jpg,training
M014/T2/0003.jpg,training
M014/T2/0024.jpg,training
M014/T2/0065.jpg,training
M014/T2/0116.jpg,training
M014/T2/0124.jpg,training
M014/T2/0137.jpg,training
M014/T2/0282.jpg,training
M014/T2/0352.jpg,training
M014/T2/0359.jpg,training
M014/T2/0402.jpg,training
M014/T2/0409.jpg,training
M014/T2/0414.jpg,training
M014/T2/0429.jpg,training
M014/T2/0440.jpg,training
M014/T2/0446.jpg,training
M014/T2/0496.jpg,training
M014/T3/005.jpg,training
M014/T3/056.jpg,training
M014/T3/066.jpg,training
M014/T3/075.jpg,training
M014/T3/081.jpg,training
M014/T3/110.jpg,training
M014/T3/173.jpg,training
M014/T3/176.jpg,training
M014/T3/184.jpg,training
M014/T3/194.jpg,training
M014/T3/209.jpg,training
M014/T3/230.jpg,training
M014/T3/237.jpg,training
M014/T3/240.jpg,training
M014/T3/269.jpg,training
M014/T3/285.jpg,training
M014/T3/292.jpg,training
M014/T3/332.jpg,training
M014/T4/0720.jpg,training
M014/T4/0760.jpg,training
M014/T4/0765.jpg,training
M014/T4/0792.jpg,training
M014/T4/0803.jpg,training
M014/T4/0829.jpg,training
M014/T4/0849.jpg,training
M014/T4/0855.jpg,training
M014/T4/0919.jpg,training
M014/T4/0974.jpg,training
M014/T4/0989.jpg,training
M014/T4/0999.jpg,training
M014/T4/1049.jpg,training
M014/T4/1057.jpg,training
M014/T4/1082.jpg,training
M014/T5/0849.jpg,training
M014/T5/0852.jpg,training
M014/T5/0857.jpg,training
M014/T5/0923.jpg,training
M014/T5/1041.jpg,training
M014/T5/1115.jpg,training
M014/T5/1136.jpg,training
M014/T5/1197.jpg,training
M014/T5/1207.jpg,training
M014/T5/1236.jpg,training
M014/T5/1249.jpg,training
M014/T5/1273.jpg,training
M014/T5/1293.jpg,training
M014/T5/1311.jpg,training
M014/T5/1316.jpg,training
M014/T6/0240.jpg,training
M014/T6/0428.jpg,training
M014/T6/0433.jpg,training
M014/T6/0448.jpg,training
M014/T6/0453.jpg,training
M014/T6/0457.jpg,training
M014/T6/0523.jpg,training
M014/T6/0527.jpg,training
M014/T6/0570.jpg,training
M014/T6/0574.jpg,training
M014/T6/0599.jpg,training
M014/T6/0601.jpg,training
M014/T6/0626.jpg,training
M014/T6/0630.jpg,training
M014/T6/0650.jpg,training
M014/T6/0657.jpg,training
M014/T7/0687.jpg,training
M014/T7/0688.jpg,training
M014/T7/0721.jpg,training
M014/T7/0731.jpg,training
M014/T7/0738.jpg,training
M014/T7/0778.jpg,training
M014/T7/0801.jpg,training
M014/T7/0804.jpg,training
M014/T7/0815.jpg,training
M014/T7/0855.jpg,training
M014/T7/0901.jpg,training
M014/T7/0907.jpg,training
M014/T7/1027.jpg,training
M014/T7/1079.jpg,training
M014/T7/1117.jpg,training
M014/T7/1131.jpg,training
M014/T8/012.jpg,training
M014/T8/020.jpg,training
M014/T8/032.jpg,training
M014/T8/036.jpg,training
M014/T8/042.jpg,training
M014/T8/045.jpg,training
M014/T8/052.jpg,training
M014/T8/074.jpg,training
M014/T8/076.jpg,training
M014/T8/096.jpg,training
M014/T8/097.jpg,training
M014/T8/109.jpg,training
M014/T8/117.jpg,training
M014/T8/129.jpg,training
M014/T8/135.jpg,training
M014/T8/156.jpg,training
M014/T8/166.jpg,training
M014/T8/168.jpg,training
M014/T8/188.jpg,training
M015/T1/0589.jpg,training
M015/T1/0659.jpg,training
M015/T1/0678.jpg,training
M015/T1/0700.jpg,training
M015/T1/0703.jpg,training
M015/T1/0737.jpg,training
M015/T1/0774.jpg,training
M015/T1/0797.jpg,training
M015/T1/0813.jpg,training
M015/T1/0891.jpg,training
M015/T1/0961.jpg,training
M015/T1/1096.jpg,training
M015/T1/1110.jpg,training
M015/T1/1177.jpg,training
M015/T1/1232.jpg,training
M015/T1/1242.jpg,training
M015/T2/0720.jpg,training
M015/T2/0735.jpg,training
M015/T2/0747.jpg,training
M015/T2/0762.jpg,training
M015/T2/0763.jpg,training
M015/T2/0773.jpg,training
M015/T2/0832.jpg,training
M015/T2/0859.jpg,training
M015/T2/0866.jpg,training
M015/T2/0902.jpg,training
M015/T2/0930.jpg,training
M015/T2/0940.jpg,training
M015/T2/0970.jpg,training
M015/T2/0978.jpg,training
M015/T2/1107.jpg,training
M015/T2/1109.jpg,training
M015/T2/1140.jpg,training
M015/T2/1143.jpg,training
M015/T2/1194.jpg,training
M015/T2/1200.jpg,training
M015/T3/006.jpg,training
M015/T3/042.jpg,training
M015/T3/053.jpg,training
M015/T3/070.jpg,training
M015/T3/084.jpg,training
M015/T3/085.jpg,training
M015/T3/100.jpg,training
M015/T3/133.jpg,training
M015/T3/174.jpg,training
M015/T3/210.jpg,training
M015/T3/213.jpg,training
M015/T3/250.jpg,training
M015/T3/295.jpg,training
M015/T3/300.jpg,training
M015/T3/314.jpg,training
M015/T4/0736.jpg,training
M015/T4/0780.jpg,training
M015/T4/0817.jpg,training
M015/T4/0833.jpg,training
M015/T4/0858.jpg,training
M015/T4/0967.jpg,training
M015/T4/0993.jpg,training
M015/T4/1027.jpg,training
M015/T4/1051.jpg,training
M015/T4/1054.jpg,training
M015/T4/1066.jpg,training
M015/T4/1083.jpg,training
M015/T4/1098.jpg,training
M015/T4/1115.jpg,training
M015/T4/1176.jpg,training
M015/T4/1195.jpg,training
M015/T4/1209.jpg,training
M015/T5/0977.jpg,training
M015/T5/1003.jpg,training
M015/T5/1017.jpg,training
M015/T5/1019.jpg,training
M015/T5/1032.jpg,training
M015/T5/1050.jpg,training
M015/T5/1109.jpg,training
M015/T5/1126.jpg,training
M015/T5/1153.jpg,training
M015/T5/1191.jpg,training
M015/T5/1246.jpg,training
M015/T5/1252.jpg,training
M015/T5/1295.jpg,training
M015/T5/1302.jpg,training
M015/T5/1356.jpg,training
M015/T5/1399.jpg,training
M015/T6/021.jpg,training
M015/T6/028.jpg,training
M015/T6/032.jpg,training
M015/T6/049.jpg,training
M015/T6/065.jpg,training
M015/T6/086.jpg,training
M015/T6/157.jpg,training
M015/T6/171.jpg,training
M015/T6/183.jpg,training
M015/T6/191.jpg,training
M015/T6/200.jpg,training
M015/T6/244.jpg,training
M015/T6/255.jpg,training
M015/T6/270.jpg,training
M015/T6/280.jpg,training
M015/T6/300.jpg,training
M015/T6/303.jpg,training
M015/T7/207.jpg,training
M015/T7/232.jpg,training
M015/T7/249.jpg,training
M015/T7/277.jpg,training
M015/T7/293.jpg,training
M015/T7/316.jpg,training
M015/T7/390.jpg,training
M015/T7/393.jpg,training
M015/T7/476.jpg,training
M015/T7/488.jpg,training
M015/T7/528.jpg,training
M015/T7/572.jpg,training
M015/T7/574.jpg,training
M015/T7/599.jpg,training
M015/T7/608.jpg,training
M015/T7/655.jpg,training
M015/T7/666.jpg,training
M015/T8/002.jpg,training
M015/T8/051.jpg,training
M015/T8/057.jpg,training
M015/T8/070.jpg,training
M015/T8/085.jpg,training
M015/T8/100.jpg,training
M015/T8/119.jpg,training
M015/T8/120.jpg,training
M015/T8/130.jpg,training
M015/T8/137.jpg,training
M015/T8/157.jpg,training
M015/T8/170.jpg,training
M015/T8/181.jpg,training
M015/T8/186.jpg,training
M015/T8/204.jpg,training
M015/T8/225.jpg,training
M015/T8/241.jpg,training
M015/T8/283.jpg,training
M016/T1/0498.jpg,training
M016/T1/0519.jpg,training
M016/T1/0565.jpg,training
M016/T1/0644.jpg,training
M016/T1/0650.jpg,training
M016/T1/0670.jpg,training
M016/T1/0683.jpg,training
M016/T1/0757.jpg,training
M016/T1/0773.jpg,training
M016/T1/0775.jpg,training
M016/T1/0776.jpg,training
M016/T1/0792.jpg,training
M016/T1/0827.jpg,training
M016/T1/0838.jpg,training
M016/T1/0864.jpg,training
M016/T1/0893.jpg,training
M016/T1/0898.jpg,training
M016/T2/0450.jpg,training
M016/T2/0468.jpg,training
M016/T2/0505.jpg,training
M016/T2/0550.jpg,training
M016/T2/0559.jpg,training
M016/T2/0617.jpg,training
M016/T2/0624.jpg,training
M016/T2/0681.jpg,training
M016/T2/0756.jpg,training
M016/T2/0760.jpg,training
M016/T2/0761.jpg,training
M016/T2/0795.jpg,training
M016/T2/0799.jpg,training
M016/T2/0809.jpg,training
M016/T2/0831.jpg,training
M016/T2/0836.jpg,training
M016/T2/0871.jpg,training
M016/T2/0884.jpg,training
M016/T2/0903.jpg,training
M016/T3/018.jpg,training
M016/T3/069.jpg,training
M016/T3/084.jpg,training
M016/T3/086.jpg,training
M016/T3/118.jpg,training
M016/T3/126.jpg,training
M016/T3/153.jpg,training
M016/T3/186.jpg,training
M016/T3/196.jpg,training
M016/T3/203.jpg,training
M016/T3/213.jpg,training
M016/T3/223.jpg,training
M016/T3/298.jpg,training
M016/T3/305.jpg,training
M016/T3/307.jpg,training
M016/T3/326.jpg,training
M016/T3/328.jpg,training
M016/T3/346.jpg,training
M016/T4/0351.jpg,training
M016/T4/0356.jpg,training
M016/T4/0394.jpg,training
M016/T4/0406.jpg,training
M016/T4/0419.jpg,training
M016/T4/0429.jpg,training
M016/T4/0481.jpg,training
M016/T4/0520.jpg,training
M016/T4/0522.jpg,training
M016/T4/0565.jpg,training
M016/T4/0589.jpg,training
M016/T4/0602.jpg,training
M016/T4/0603.jpg,training
M016/T4/0642.jpg,training
M016/T4/0755.jpg,training
M016/T4/0793.jpg,training
M016/T5/0764.jpg,training
M016/T5/0797.jpg,training
M016/T5/0907.jpg,training
M016/T5/0923.jpg,training
M016/T5/0926.jpg,training
M016/T5/0936.jpg,training
M016/T5/0947.jpg,training
M016/T5/0950.jpg,training
M016/T5/0965.jpg,training
M016/T5/0991.jpg,training
M016/T5/0992.jpg,training
M016/T5/1010.jpg,training
M016/T5/1120.jpg,training
M016/T5/1128.jpg,training
M016/T5/1144.jpg,training
M016/T5/1151.jpg,training
M016/T6/0783.jpg,training
M016/T6/0830.jpg,training
M016/T6/0851.jpg,training
M016/T6/0866.jpg,training
M016/T6/0900.jpg,training
M016/T6/0974.jpg,training
M016/T6/0988.jpg,training
M016/T6/1028.jpg,training
M016/T6/1045.jpg,training
M016/T6/1121.jpg,training
M016/T6/1136.jpg,training
M016/T6/1148.jpg,training
M016/T6/1185.jpg,training
M016/T6/1214.jpg,training
M016/T6/1236.jpg,training
M016/T7/0886.jpg,training
M016/T7/0897.jpg,training
M016/T7/0901.jpg,training
M016/T7/0903.jpg,training
M016/T7/0932.jpg,training
M016/T7/0936.jpg,training
M016/T7/0941.jpg,training
M016/T7/0951.jpg,training
M016/T7/0978.jpg,training
M016/T7/1041.jpg,training
M016/T7/1076.jpg,training
M016/T7/1153.jpg,training
M016/T7/1162.jpg,training
M016/T7/1174.jpg,training
M016/T7/1183.jpg,training
M016/T7/1189.jpg,training
M016/T7/1207.jpg,training
M016/T7/1296.jpg,training
M016/T7/1302.jpg,training
M016/T8/002.jpg,training
M016/T8/018.jpg,training
M016/T8/030.jpg,training
M016/T8/043.jpg,training
M016/T8/101.jpg,training
M016/T8/102.jpg,training
M016/T8/112.jpg,training
M016/T8/145.jpg,training
M016/T8/167.jpg,training
M016/T8/278.jpg,training
M016/T8/292.jpg,training
M016/T8/318.jpg,training
M016/T8/339.jpg,training
M016/T8/344.jpg,training
M016/T8/354.jpg,training
M017/T1/0425.jpg,training
M017/T1/0449.jpg,training
M017/T1/0467.jpg,training
M017/T1/0485.jpg,training
M017/T1/0496.jpg,training
M017/T1/0500.jpg,training
M017/T1/0515.jpg,training
M017/T1/0531.jpg,training
M017/T1/0579.jpg,training
M017/T1/0619.jpg,training
M017/T1/0637.jpg,training
M017/T1/0646.jpg,training
M017/T1/0668.jpg,training
M017/T1/0683.jpg,training
M017/T1/0746.jpg,training
M017/T1/0780.jpg,training
M017/T1/0864.jpg,training
M017/T1/0869.jpg,training
M017/T2/1120.jpg,training
M017/T2/1132.jpg,training
M017/T2/1164.jpg,training
M017/T2/1193.jpg,training
M017/T2/1200.jpg,training
M017/T2/1234.jpg,training
M017/T2/1269.jpg,training
M017/T2/1296.jpg,training
M017/T2/1324.jpg,training
M017/T2/1364.jpg,training
M017/T2/1498.jpg,training
M017/T2/1532.jpg,training
M017/T2/1535.jpg,training
M017/T2/1601.jpg,training
M017/T3/005.jpg,training
M017/T3/036.jpg,training
M017/T3/049.jpg,training
M017/T3/071.jpg,training
M017/T3/074.jpg,training
M017/T3/086.jpg,training
M017/T3/091.jpg,training
M017/T3/100.jpg,training
M017/T3/108.jpg,training
M017/T3/120.jpg,training
M017/T3/142.jpg,training
M017/T3/169.jpg,training
M017/T3/199.jpg,training
M017/T3/237.jpg,training
M017/T3/244.jpg,training
M017/T3/261.jpg,training
M017/T3/272.jpg,training
M017/T4/0231.jpg,training
M017/T4/0363.jpg,training
M017/T4/0376.jpg,training
M017/T4/0469.jpg,training
M017/T4/0498.jpg,training
M017/T4/0501.jpg,training
M017/T4/0537.jpg,training
M017/T4/0542.jpg,training
M017/T4/0553.jpg,training
M017/T4/0554.jpg,training
M017/T4/0584.jpg,training
M017/T4/0590.jpg,training
M017/T4/0628.jpg,training
M017/T4/0634.jpg,training
M017/T4/0641.jpg,training
M017/T5/0660.jpg,training
M017/T5/0668.jpg,training
M017/T5/0697.jpg,training
M017/T5/0698.jpg,training
M017/T5/0766.jpg,training
M017/T5/0822.jpg,training
M017/T5/0851.jpg,training
M017/T5/0859.jpg,training
M017/T5/0875.jpg,training
M017/T5/1023.jpg,training
M017/T5/1047.jpg,training
M017/T5/1062.jpg,training
M017/T5/1094.jpg,training
M017/T5/1123.jpg,training
M017/T5/1159.jpg,training
M017/T6/1011.jpg,training
M017/T6/1012.jpg,training
M017/T6/1047.jpg,training
M017/T6/1079.jpg,training
M017/T6/1143.jpg,training
M017/T6/1149.jpg,training
M017/T6/1242.jpg,training
M017/T6/1249.jpg,training
M017/T6/1259.jpg,training
M017/T6/1277.jpg,training
M017/T6/1365.jpg,training
M017/T6/1378.jpg,training
M017/T6/1389.jpg,training
M017/T6/1445.jpg,training
M017/T6/1466.jpg,training
M017/T6/1482.jpg,training
M017/T6/1501.jpg,training
M017/T7/0859.jpg,training
M017/T7/0923.jpg,training
M017/T7/0930.jpg,training
M017/T7/0952.jpg,training
M017/T7/1066.jpg,training
M017/T7/1104.jpg,training
M017/T7/1120.jpg,training
M017/T7/1166.jpg,training
M017/T7/1172.jpg,training
M017/T7/1179.jpg,training
M017/T7/1198.jpg,training
M017/T7/1206.jpg,training
M017/T7/1229.jpg,training
M017/T7/1244.jpg,training
M017/T7/1245.jpg,training
M017/T7/1246.jpg,training
M017/T7/1250.jpg,training
M017/T7/1254.jpg,training
M017/T7/1291.jpg,training
M017/T8/015.jpg,training
M017/T8/068.jpg,training
M017/T8/084.jpg,training
M017/T8/087.jpg,training
M017/T8/097.jpg,training
M017/T8/099.jpg,training
M017/T8/110.jpg,training
M017/T8/147.jpg,training
M017/T8/193.jpg,training
M017/T8/210.jpg,training
M017/T8/211.jpg,training
M017/T8/258.jpg,training
M017/T8/259.jpg,training
M017/T8/321.jpg,training
M017/T8/330.jpg,training
M018/T1/0069.jpg,training
M018/T1/0083.jpg,training
M018/T1/0136.jpg,training
M018/T1/0161.jpg,training
M018/T1/0171.jpg,training
M018/T1/0242.jpg,training
M018/T1/0253.jpg,training
M018/T1/0282.jpg,training
M018/T1/0290.jpg,training
M018/T1/0315.jpg,training
M018/T1/0319.jpg,training
M018/T1/0382.jpg,training
M018/T1/0384.jpg,training
M018/T1/0401.jpg,training
M018/T1/0444.jpg,training
M018/T1/0467.jpg,training
M018/T1/0470.jpg,training
M018/T1/0492.jpg,training
M018/T2/0270.jpg,training
M018/T2/0276.jpg,training
M018/T2/0292.jpg,training
M018/T2/0342.jpg,training
M018/T2/0358.jpg,training
M018/T2/0366.jpg,training
M018/T2/0367.jpg,training
M018/T2/0390.jpg,training
M018/T2/0460.jpg,training
M018/T2/0471.jpg,training
M018/T2/0498.jpg,training
M018/T2/0528.jpg,training
M018/T2/0548.jpg,training
M018/T2/0588.jpg,training
M018/T2/0645.jpg,training
M018/T2/0655.jpg,training
M018/T2/0709.jpg,training
M018/T2/0717.jpg,training
M018/T3/036.jpg,training
M018/T3/091.jpg,training
M018/T3/101.jpg,training
M018/T3/118.jpg,training
M018/T3/135.jpg,training
M018/T3/144.jpg,training
M018/T3/182.jpg,training
M018/T3/187.jpg,training
M018/T3/228.jpg,training
M018/T3/261.jpg,training
M018/T3/270.jpg,training
M018/T3/302.jpg,training
M018/T4/1078.jpg,training
M018/T4/1134.jpg,training
M018/T4/1151.jpg,training
M018/T4/1180.jpg,training
M018/T4/1215.jpg,training
M018/T4/1237.jpg,training
M018/T4/1255.jpg,training
M018/T4/1279.jpg,training
M018/T4/1282.jpg,training
M018/T4/1325.jpg,training
M018/T4/1391.jpg,training
M018/T4/1415.jpg,training
M018/T4/1418.jpg,training
M018/T4/1460.jpg,training
M018/T4/1497.jpg,training
M018/T4/1531.jpg,training
M018/T4/1538.jpg,training
M018/T4/1556.jpg,training
M018/T4/1563.jpg,training
M018/T5/0278.jpg,training
M018/T5/0323.jpg,training
M018/T5/0331.jpg,training
M018/T5/0402.jpg,training
M018/T5/0428.jpg,training
M018/T5/0442.jpg,training
M018/T5/0497.jpg,training
M018/T5/0512.jpg,training
M018/T5/0539.jpg,training
M018/T5/0561.jpg,training
M018/T5/0568.jpg,training
M018/T5/0575.jpg,training
M018/T5/0583.jpg,training
M018/T5/0587.jpg,training
M018/T5/0590.jpg,training
M018/T5/0594.jpg,training
M018/T5/0603.jpg,training
M018/T5/0676.jpg,training
M018/T6/0751.jpg,training
M018/T6/0763.jpg,training
M018/T6/0807.jpg,training
M018/T6/0814.jpg,training
M018/T6/0842.jpg,training
M018/T6/0862.jpg,training
M018/T6/0945.jpg,training
M018/T6/0963.jpg,training
M018/T6/0964.jpg,training
M018/T6/0973.jpg,training
M018/T6/1042.jpg,training
M018/T6/1069.jpg,training
M018/T6/1091.jpg,training
M018/T6/1098.jpg,training
M018/T6/1112.jpg,training
M018/T6/1132.jpg,training
M018/T7/0571.jpg,training
M018/T7/0578.jpg,training
M018/T7/0591.jpg,training
M018/T7/0624.jpg,training
M018/T7/0694.jpg,training
M018/T7/0702.jpg,training
M018/T7/0731.jpg,training
M018/T7/0745.jpg,training
M018/T7/0773.jpg,training
M018/T7/0798.jpg,training
M018/T7/0838.jpg,training
M018/T7/0852.jpg,training
M018/T7/0886.jpg,training
M018/T7/0897.jpg,training
M018/T7/0974.jpg,training
M018/T7/0978.jpg,training
M001/T1/0980.jpg,test
M001/T1/1022.jpg,test
M001/T2/0023.jpg,test
M001/T2/0137.jpg,test
M001/T2/0274.jpg,test
M001/T2/0300.jpg,test
M001/T2/0332.jpg,test
M001/T2/0386.jpg,test
M001/T2/0419.jpg,test
M001/T2/0464.jpg,test
M001/T3/095.jpg,test
M001/T3/180.jpg,test
M001/T3/182.jpg,test
M001/T3/207.jpg,test
M001/T3/249.jpg,test
M001/T3/277.jpg,test
M001/T4/0750.jpg,test
M001/T4/0852.jpg,test
M001/T4/1019.jpg,test
M001/T5/577.jpg,test
M001/T5/700.jpg,test
M001/T5/792.jpg,test
M001/T5/868.jpg,test
M001/T5/869.jpg,test
M001/T5/874.jpg,test
M001/T5/937.jpg,test
M001/T5/988.jpg,test
M001/T6/296.jpg,test
M001/T6/314.jpg,test
M001/T6/535.jpg,test
M001/T7/0791.jpg,test
M001/T7/0870.jpg,test
M001/T7/0873.jpg,test
M001/T7/1083.jpg,test
M001/T7/1293.jpg,test
M001/T8/072.jpg,test
M001/T8/227.jpg,test
M002/T1/0608.jpg,test
M002/T1/0620.jpg,test
M002/T2/0077.jpg,test
M002/T2/0116.jpg,test
M002/T2/0519.jpg,test
M002/T3/005.jpg,test
M002/T3/009.jpg,test
M002/T3/071.jpg,test
M002/T3/096.jpg,test
M002/T3/114.jpg,test
M002/T3/129.jpg,test
M002/T3/144.jpg,test
M002/T3/183.jpg,test
M002/T3/194.jpg,test
M002/T3/203.jpg,test
M002/T3/221.jpg,test
M002/T4/0871.jpg,test
M002/T4/0994.jpg,test
M002/T4/1038.jpg,test
M002/T5/0659.jpg,test
M002/T5/0902.jpg,test
M002/T5/1013.jpg,test
M002/T6/439.jpg,test
M002/T6/651.jpg,test
M002/T6/832.jpg,test
M002/T6/833.jpg,test
M002/T7/0748.jpg,test
M002/T7/0813.jpg,test
M002/T7/1328.jpg,test
M002/T8/431.jpg,test
M002/T8/474.jpg,test
M003/T1/437.jpg,test
M003/T1/700.jpg,test
M003/T2/1175.jpg,test
M003/T2/1262.jpg,test
M003/T2/1359.jpg,test
M003/T2/1577.jpg,test
M003/T3/020.jpg,test
M003/T3/026.jpg,test
M003/T4/1578.jpg,test
M003/T4/1599.jpg,test
M003/T4/1642.jpg,test
M003/T4/1647.jpg,test
M003/T4/1704.jpg,test
M003/T4/1713.jpg,test
M003/T4/1780.jpg,test
M003/T4/1811.jpg,test
M003/T5/0851.jpg,test
M003/T5/0927.jpg,test
M003/T5/1171.jpg,test
M003/T5/1226.jpg,test
M003/T5/1232.jpg,test
M003/T5/1235.jpg,test
M003/T6/033.jpg,test
M003/T7/1449.jpg,test
M003/T7/1512.jpg,test
M003/T7/1621.jpg,test
M003/T7/1640.jpg,test
M003/T7/1785.jpg,test
M003/T7/1817.jpg,test
M003/T8/089.jpg,test
M003/T8/116.jpg,test
M003/T8/248.jpg,test
M003/T8/265.jpg,test
M004/T1/295.jpg,test
M004/T1/364.jpg,test
M004/T1/653.jpg,test
M004/T2/1036.jpg,test
M004/T2/1349.jpg,test
M004/T3/001.jpg,test
M004/T3/007.jpg,test
M004/T3/086.jpg,test
M004/T3/216.jpg,test
M004/T3/280.jpg,test
M004/T4/1121.jpg,test
M004/T4/1314.jpg,test
M004/T5/625.jpg,test
M004/T6/075.jpg,test
M004/T6/194.jpg,test
M004/T6/563.jpg,test
M004/T7/0396.jpg,test
M004/T7/0504.jpg,test
M004/T7/0687.jpg,test
M004/T7/0764.jpg,test
M004/T7/0780.jpg,test
M004/T7/0800.jpg,test
M004/T8/088.jpg,test
M004/T8/142.jpg,test
M004/T8/206.jpg,test
M005/T1/719.jpg,test
M005/T1/777.jpg,test
M005/T1/788.jpg,test
M005/T1/842.jpg,test
M005/T2/1088.jpg,test
M005/T2/1197.jpg,test
M005/T2/1268.jpg,test
M005/T2/1324.jpg,test
M005/T2/1390.jpg,test
M005/T2/1543.jpg,test
M005/T3/068.jpg,test
M005/T3/071.jpg,test
M005/T3/100.jpg,test
M005/T3/164.jpg,test
M005/T3/169.jpg,test
M005/T3/180.jpg,test
M005/T4/0388.jpg,test
M005/T4/0454.jpg,test
M005/T4/0462.jpg,test
M005/T4/0562.jpg,test
M005/T4/0615.jpg,test
M005/T4/0716.jpg,test
M005/T5/0094.jpg,test
M005/T5/0489.jpg,test
M005/T6/213.jpg,test
M005/T6/269.jpg,test
M005/T6/364.jpg,test
M005/T7/1082.jpg,test
M005/T7/1215.jpg,test
M005/T7/1312.jpg,test
M005/T7/1317.jpg,test
M005/T7/1389.jpg,test
M005/T7/1415.jpg,test
M005/T7/1448.jpg,test
M005/T7/1531.jpg,test
M005/T8/70.jpg,test
M005/T8/79.jpg,test
M006/T1/0819.jpg,test
M006/T1/0894.jpg,test
M006/T1/1016.jpg,test
M006/T1/1041.jpg,test
M006/T1/1183.jpg,test
M006/T2/1258.jpg,test
M006/T2/1279.jpg,test
M006/T2/1482.jpg,test
M006/T2/1547.jpg,test
M006/T2/1579.jpg,test
M006/T3/015.jpg,test
M006/T3/022.jpg,test
M006/T3/073.jpg,test
M006/T3/112.jpg,test
M006/T3/170.jpg,test
M006/T3/208.jpg,test
M006/T4/0844.jpg,test
M006/T5/0658.jpg,test
M006/T5/0778.jpg,test
M006/T5/1043.jpg,test
M006/T5/1062.jpg,test
M006/T6/0635.jpg,test
M006/T6/0785.jpg,test
M006/T6/0806.jpg,test
M006/T7/0686.jpg,test
M006/T7/0689.jpg,test
M006/T7/0938.jpg,test
M006/T8/0681.jpg,test
M006/T8/0683.jpg,test
M006/T8/0797.jpg,test
M006/T8/0859.jpg,test
M006/T8/0864.jpg,test
M007/T1/334.jpg,test
M007/T1/662.jpg,test
M007/T1/717.jpg,test
M007/T1/722.jpg,test
M007/T1/761.jpg,test
M007/T2/1133.jpg,test
M007/T2/1152.jpg,test
M007/T2/1311.jpg,test
M007/T2/1350.jpg,test
M007/T3/006.jpg,test
M007/T3/128.jpg,test
M007/T3/171.jpg,test
M007/T3/210.jpg,test
M007/T4/0230.jpg,test
M007/T4/0241.jpg,test
M007/T4/0252.jpg,test
M007/T4/0267.jpg,test
M007/T4/0291.jpg,test
M007/T4/0402.jpg,test
M007/T5/506.jpg,test
M007/T5/548.jpg,test
M007/T5/706.jpg,test
M007/T5/821.jpg,test
M007/T5/862.jpg,test
M007/T6/1287.jpg,test
M007/T6/1354.jpg,test
M007/T6/1447.jpg,test
M007/T7/0104.jpg,test
M007/T7/0178.jpg,test
M007/T7/0221.jpg,test
M007/T7/0252.jpg,test
M007/T7/0371.jpg,test
M007/T7/0404.jpg,test
M007/T7/0540.jpg,test
M007/T8/103.jpg,test
M007/T8/177.jpg,test
M007/T8/227.jpg,test
M007/T8/498.jpg,test
M007/T8/538.jpg,test
M008/T1/301.jpg,test
M008/T1/319.jpg,test
M008/T1/343.jpg,test
M008/T1/347.jpg,test
M008/T1/385.jpg,test
M008/T1/450.jpg,test
M008/T1/513.jpg,test
M008/T2/0212.jpg,test
M008/T2/0352.jpg,test
M008/T2/0377.jpg,test
M008/T2/0541.jpg,test
M008/T2/0613.jpg,test
M008/T3/173.jpg,test
M008/T3/175.jpg,test
M008/T4/0190.jpg,test
M008/T4/0200.jpg,test
M008/T4/0471.jpg,test
M008/T5/0925.jpg,test
M008/T5/0946.jpg,test
M008/T5/0952.jpg,test
M008/T5/1125.jpg,test
M008/T5/1192.jpg,test
M008/T6/0066.jpg,test
M008/T6/0120.jpg,test
M008/T6/0278.jpg,test
M008/T6/0293.jpg,test
M008/T6/0297.jpg,test
M008/T6/0531.jpg,test
M008/T6/0567.jpg,test
M008/T7/0489.jpg,test
M008/T7/0577.jpg,test
M008/T7/0743.jpg,test
M008/T7/0779.jpg,test
M008/T7/0800.jpg,test
M008/T7/0825.jpg,test
M008/T8/009.jpg,test
M008/T8/058.jpg,test
M008/T8/064.jpg,test
M009/T1/274.jpg,test
M009/T1/459.jpg,test
M009/T1/548.jpg,test
M009/T2/0668.jpg,test
M009/T2/0687.jpg,test
M009/T2/0690.jpg,test
M009/T2/0753.jpg,test
M009/T2/0856.jpg,test
M009/T2/0928.jpg,test
M009/T3/211.jpg,test
M009/T4/0435.jpg,test
M009/T4/0709.jpg,test
M009/T5/0783.jpg,test
M009/T6/288.jpg,test
M009/T6/357.jpg,test
M009/T6/543.jpg,test
M009/T6/551.jpg,test
M009/T6/569.jpg,test
M009/T7/0925.jpg,test
M009/T7/0971.jpg,test
M009/T7/1216.jpg,test
M009/T8/070.jpg,test
M009/T8/072.jpg,test
M009/T8/122.jpg,test
M010/T1/191.jpg,test
M010/T1/318.jpg,test
M010/T1/509.jpg,test
M010/T1/510.jpg,test
M010/T1/525.jpg,test
M010/T1/540.jpg,test
M010/T1/541.jpg,test
M010/T1/567.jpg,test
M010/T2/0985.jpg,test
M010/T2/1415.jpg,test
M010/T3/043.jpg,test
M010/T3/091.jpg,test
M010/T3/144.jpg,test
M010/T3/183.jpg,test
M010/T3/201.jpg,test
M010/T4/0575.jpg,test
M010/T4/0578.jpg,test
M010/T4/0606.jpg,test
M010/T4/0622.jpg,test
M010/T4/0628.jpg,test
M010/T4/0869.jpg,test
M010/T5/0542.jpg,test
M010/T5/0809.jpg,test
M010/T6/664.jpg,test
M010/T6/731.jpg,test
M010/T6/748.jpg,test
M010/T7/019.jpg,test
M010/T7/260.jpg,test
M010/T7/262.jpg,test
M010/T7/346.jpg,test
M010/T7/409.jpg,test
M010/T7/455.jpg,test
M010/T8/030.jpg,test
M010/T8/053.jpg,test
M010/T8/083.jpg,test
M010/T8/096.jpg,test
M010/T8/099.jpg,test
M010/T8/113.jpg,test
M010/T8/134.jpg,test
M011/T1/0749.jpg,test
M011/T1/0887.jpg,test
M011/T1/0914.jpg,test
M011/T1/1172.jpg,test
M011/T2/0111.jpg,test
M011/T2/0183.jpg,test
M011/T2/0363.jpg,test
M011/T2/0452.jpg,test
M011/T3/038.jpg,test
M011/T3/085.jpg,test
M011/T3/129.jpg,test
M011/T3/194.jpg,test
M011/T3/273.jpg,test
M011/T4/544.jpg,test
M011/T4/594.jpg,test
M011/T5/0744.jpg,test
M011/T5/0907.jpg,test
M011/T6/0857.jpg,test
M011/T6/0990.jpg,test
M011/T6/1038.jpg,test
M011/T6/1257.jpg,test
M011/T6/1303.jpg,test
M011/T7/1497.jpg,test
M011/T7/1610.jpg,test
M011/T7/1844.jpg,test
M011/T7/1849.jpg,test
M011/T7/1947.jpg,test
M011/T8/003.jpg,test
M011/T8/066.jpg,test
M012/T1/0739.jpg,test
M012/T1/1000.jpg,test
M012/T1/1091.jpg,test
M012/T1/1095.jpg,test
M012/T2/0324.jpg,test
M012/T2/0442.jpg,test
M012/T2/0480.jpg,test
M012/T2/0764.jpg,test
M012/T3/076.jpg,test
M012/T3/161.jpg,test
M012/T4/1002.jpg,test
M012/T4/1027.jpg,test
M012/T4/1055.jpg,test
M012/T4/1300.jpg,test
M012/T4/1321.jpg,test
M012/T5/0987.jpg,test
M012/T5/1062.jpg,test
M012/T5/1092.jpg,test
M012/T6/0043.jpg,test
M012/T6/0112.jpg,test
M012/T6/0288.jpg,test
M012/T6/0367.jpg,test
M012/T6/0380.jpg,test
M012/T6/0463.jpg,test
M012/T7/0170.jpg,test
M012/T7/0242.jpg,test
M012/T7/0301.jpg,test
M012/T7/0307.jpg,test
M012/T7/0484.jpg,test
M012/T8/089.jpg,test
M012/T8/189.jpg,test
M013/T1/0666.jpg,test
M013/T1/0797.jpg,test
M013/T1/0864.jpg,test
M013/T1/0880.jpg,test
M013/T2/0052.jpg,test
M013/T2/0321.jpg,test
M013/T2/0355.jpg,test
M013/T2/0367.jpg,test
M013/T2/0457.jpg,test
M013/T3/014.jpg,test
M013/T3/155.jpg,test
M013/T3/221.jpg,test
M013/T3/258.jpg,test
M013/T4/0299.jpg,test
M013/T4/0497.jpg,test
M013/T4/0591.jpg,test
M013/T4/0610.jpg,test
M013/T4/0615.jpg,test
M013/T5/032.jpg,test
M013/T5/152.jpg,test
M013/T5/460.jpg,test
M013/T5/482.jpg,test
M013/T6/038.jpg,test
M013/T6/081.jpg,test
M013/T6/220.jpg,test
M013/T6/432.jpg,test
M013/T7/0060.jpg,test
M013/T7/0145.jpg,test
M013/T7/0204.jpg,test
M013/T7/0218.jpg,test
M013/T7/0374.jpg,test
M013/T8/012.jpg,test
M013/T8/087.jpg,test
M013/T8/117.jpg,test
M013/T8/125.jpg,test
M013/T8/140.jpg,test
M013/T8/192.jpg,test
M013/T8/268.jpg,test
M014/T1/427.jpg,test
M014/T1/487.jpg,test
M014/T1/491.jpg,test
M014/T1/521.jpg,test
M014/T1/603.jpg,test
M014/T1/690.jpg,test
M014/T2/0002.jpg,test
M014/T2/0227.jpg,test
M014/T2/0261.jpg,test
M014/T2/0467.jpg,test
M014/T3/051.jpg,test
M014/T3/152.jpg,test
M014/T3/233.jpg,test
M014/T4/0637.jpg,test
M014/T4/0725.jpg,test
M014/T4/0764.jpg,test
M014/T4/0925.jpg,test
M014/T4/0951.jpg,test
M014/T4/0997.jpg,test
M014/T5/0906.jpg,test
M014/T5/0919.jpg,test
M014/T5/0982.jpg,test
M014/T5/1012.jpg,test
M014/T5/1015.jpg,test
M014/T5/1126.jpg,test
M014/T6/0276.jpg,test
M014/T6/0280.jpg,test
M014/T6/0313.jpg,test
M014/T6/0587.jpg,test
M014/T6/0686.jpg,test
M014/T7/0710.jpg,test
M014/T7/0822.jpg,test
M014/T7/0833.jpg,test
M014/T7/0840.jpg,test
M014/T7/1081.jpg,test
M014/T8/033.jpg,test
M014/T8/150.jpg,test
M015/T1/0583.jpg,test
M015/T1/0866.jpg,test
M015/T1/1045.jpg,test
M015/T1/1230.jpg,test
M015/T1/1291.jpg,test
M015/T2/0995.jpg,test
M015/T3/025.jpg,test
M015/T3/154.jpg,test
M015/T3/170.jpg,test
M015/T3/217.jpg,test
M015/T3/275.jpg,test
M015/T3/299.jpg,test
M015/T4/0797.jpg,test
M015/T4/0815.jpg,test
M015/T4/0823.jpg,test
M015/T4/1187.jpg,test
M015/T5/0978.jpg,test
M015/T5/1085.jpg,test
M015/T5/1159.jpg,test
M015/T5/1320.jpg,test
M015/T5/1354.jpg,test
M015/T6/098.jpg,test
M015/T6/212.jpg,test
M015/T6/253.jpg,test
M015/T6/334.jpg,test
M015/T7/340.jpg,test
M015/T7/579.jpg,test
M015/T7/656.jpg,test
M015/T7/660.jpg,test
M015/T8/056.jpg,test
M015/T8/080.jpg,test
M015/T8/176.jpg,test
M016/T1/0552.jpg,test
M016/T1/0590.jpg,test
M016/T1/0789.jpg,test
M016/T1/0816.jpg,test
M016/T2/0487.jpg,test
M016/T2/0667.jpg,test
M016/T3/017.jpg,test
M016/T3/116.jpg,test
M016/T3/230.jpg,test
M016/T4/0448.jpg,test
M016/T4/0548.jpg,test
M016/T4/0577.jpg,test
M016/T4/0632.jpg,test
M016/T4/0781.jpg,test
M016/T5/0788.jpg,test
M016/T5/0990.jpg,test
M016/T5/1103.jpg,test
M016/T5/1172.jpg,test
M016/T5/1194.jpg,test
M016/T6/0841.jpg,test
M016/T6/1017.jpg,test
M016/T6/1091.jpg,test
M016/T6/1115.jpg,test
M016/T6/1190.jpg,test
M016/T6/1209.jpg,test
M016/T7/1283.jpg,test
M016/T7/1308.jpg,test
M016/T8/037.jpg,test
M016/T8/072.jpg,test
M016/T8/129.jpg,test
M016/T8/244.jpg,test
M016/T8/255.jpg,test
M016/T8/294.jpg,test
M017/T1/0432.jpg,test
M017/T1/0468.jpg,test
M017/T1/0724.jpg,test
M017/T2/1137.jpg,test
M017/T2/1178.jpg,test
M017/T2/1258.jpg,test
M017/T2/1270.jpg,test
M017/T2/1398.jpg,test
M017/T2/1471.jpg,test
M017/T2/1474.jpg,test
M017/T3/062.jpg,test
M017/T3/104.jpg,test
M017/T3/134.jpg,test
M017/T3/286.jpg,test
M017/T4/0242.jpg,test
M017/T4/0289.jpg,test
M017/T4/0372.jpg,test
M017/T4/0383.jpg,test
M017/T4/0419.jpg,test
M017/T4/0673.jpg,test
M017/T5/0662.jpg,test
M017/T5/0736.jpg,test
M017/T5/0992.jpg,test
M017/T5/1016.jpg,test
M017/T5/1078.jpg,test
M017/T5/1079.jpg,test
M017/T6/1178.jpg,test
M017/T6/1311.jpg,test
M017/T6/1331.jpg,test
M017/T6/1484.jpg,test
M017/T7/0966.jpg,test
M017/T7/1271.jpg,test
M017/T8/063.jpg,test
M017/T8/082.jpg,test
M017/T8/115.jpg,test
M017/T8/171.jpg,test
M017/T8/196.jpg,test
M017/T8/289.jpg,test
M018/T1/0085.jpg,test
M018/T1/0181.jpg,test
M018/T1/0262.jpg,test
M018/T2/0687.jpg,test
M018/T2/0691.jpg,test
M018/T2/0719.jpg,test
M018/T3/131.jpg,test
M018/T3/205.jpg,test
M018/T3/249.jpg,test
M018/T3/254.jpg,test
M018/T3/273.jpg,test
M018/T3/276.jpg,test
M018/T3/297.jpg,test
M018/T3/313.jpg,test
M018/T3/323.jpg,test
M018/T4/1297.jpg,test
M018/T4/1302.jpg,test
M018/T5/0378.jpg,test
M018/T5/0429.jpg,test
M018/T5/0431.jpg,test
M018/T6/0654.jpg,test
M018/T6/0660.jpg,test
M018/T6/0672.jpg,test
M018/T6/0832.jpg,test
M018/T6/1056.jpg,test
M018/T7/0691.jpg,test
M018/T7/0769.jpg,test
